title,author,year,genre,status
Atomic Habits,James Clear,2018,Self-Help,done
The Psychology of Money,Morgan Housel,2020,Finance,done
"Thinking, Fast and Slow",Daniel Kahneman,2011,Psychology,done
Meditations,Marcus Aurelius,180,Philosophy,done
Pride and Prejudice,Jane Austen,1813,Classic Literature,done
1984,George Orwell,1949,Dystopian Fiction,done
The Great Gatsby,F. Scott Fitzgerald,1925,Literary Fiction,done
Zero to One,Peter Thiel,2014,Business,done
Sapiens: A Brief History of Humankind,Yuval Noah Harari,2011,History,done
Man's Search for Meaning,Viktor E. Frankl,1946,Memoir,done
The 7 Habits of Highly Effective People,Stephen R. Covey,1989,Self-Help,done
How to Win Friends and Influence People,Dale Carnegie,1936,Self-Help,done
The Power of Now,Eckhart Tolle,1997,Self-Help,queued
Deep Work,Cal Newport,2016,Self-Help,done
Grit,Angela Duckworth,2016,Self-Help,queued
Essentialism,Greg McKeown,2014,Self-Help,queued
Mindset,Carol S. Dweck,2006,Self-Help,done
Think and Grow Rich,Napoleon Hill,1937,Self-Help,queued
Getting Things Done,David Allen,2001,Self-Help,queued
Make Your Bed,William H. McRaven,2017,Self-Help,queued
The Lean Startup,Eric Ries,2011,Business,done
Good to Great,Jim Collins,2001,Business,queued
The Hard Thing About Hard Things,Ben Horowitz,2014,Business,queued
Start with Why,Simon Sinek,2009,Business,queued
Shoe Dog,Phil Knight,2016,Business,queued
The E-Myth Revisited,Michael E. Gerber,1995,Business,queued
Blue Ocean Strategy,W. Chan Kim and Renee Mauborgne,2005,Business,queued
Crossing the Chasm,Geoffrey A. Moore,1991,Business,queued
Measure What Matters,John Doerr,2018,Business,queued
The Innovator's Dilemma,Clayton M. Christensen,1997,Business,queued
High Output Management,Andrew S. Grove,1983,Business,queued
Built to Last,Jim Collins and Jerry I. Porras,1994,Business,queued
Influence,Robert B. Cialdini,1984,Psychology,done
Predictably Irrational,Dan Ariely,2008,Psychology,queued
The Body Keeps the Score,Bessel van der Kolk,2014,Psychology,queued
Flow,Mihaly Csikszentmihalyi,1990,Psychology,queued
Emotional Intelligence,Daniel Goleman,1995,Psychology,queued
Quiet,Susan Cain,2012,Psychology,queued
Nudge,Richard H. Thaler and Cass R. Sunstein,2008,Psychology,queued
Drive,Daniel H. Pink,2009,Psychology,queued
Why We Sleep,Matthew Walker,2017,Psychology,queued
Blink,Malcolm Gladwell,2005,Psychology,queued
Outliers,Malcolm Gladwell,2008,Psychology,queued
The Tipping Point,Malcolm Gladwell,2000,Psychology,queued
The Prince,Niccolo Machiavelli,1532,Philosophy,done
Beyond Good and Evil,Friedrich Nietzsche,1886,Philosophy,queued
Walden,Henry David Thoreau,1854,Philosophy,queued
The Myth of Sisyphus,Albert Camus,1942,Philosophy,queued
Jane Eyre,Charlotte Bronte,1847,Classic Literature,queued
Wuthering Heights,Emily Bronte,1847,Classic Literature,queued
Great Expectations,Charles Dickens,1861,Classic Literature,queued
A Tale of Two Cities,Charles Dickens,1859,Classic Literature,queued
Moby-Dick,Herman Melville,1851,Classic Literature,queued
Frankenstein,Mary Shelley,1818,Classic Literature,queued
Dracula,Bram Stoker,1897,Classic Literature,queued
The Picture of Dorian Gray,Oscar Wilde,1890,Classic Literature,queued
Middlemarch,George Eliot,1871,Classic Literature,queued
Emma,Jane Austen,1815,Classic Literature,queued
Sense and Sensibility,Jane Austen,1811,Classic Literature,queued
Brave New World,Aldous Huxley,1932,Dystopian Fiction,queued
Animal Farm,George Orwell,1945,Dystopian Fiction,done
Fahrenheit 451,Ray Bradbury,1953,Dystopian Fiction,queued
The Handmaid's Tale,Margaret Atwood,1985,Dystopian Fiction,queued
Lord of the Flies,William Golding,1954,Dystopian Fiction,queued
To Kill a Mockingbird,Harper Lee,1960,Literary Fiction,queued
The Catcher in the Rye,J. D. Salinger,1951,Literary Fiction,queued
Of Mice and Men,John Steinbeck,1937,Literary Fiction,queued
The Old Man and the Sea,Ernest Hemingway,1952,Literary Fiction,queued
Mrs Dalloway,Virginia Woolf,1925,Literary Fiction,queued
The God of Small Things,Arundhati Roy,1997,Literary Fiction,queued
Life of Pi,Yann Martel,2001,Literary Fiction,queued
Midnight's Children,Salman Rushdie,1981,Literary Fiction,queued
The Remains of the Day,Kazuo Ishiguro,1989,Literary Fiction,queued
The Guide,R. K. Narayan,1958,Literary Fiction,queued
Educated,Tara Westover,2018,Memoir,queued
Long Walk to Freedom,Nelson Mandela,1994,Memoir,queued
The Diary of a Young Girl,Anne Frank,1947,Memoir,queued
Born a Crime,Trevor Noah,2016,Memoir,queued
When Breath Becomes Air,Paul Kalanithi,2016,Memoir,queued
Wings of Fire,A. P. J. Abdul Kalam with Arun Tiwari,1999,Memoir,queued
The Story of My Experiments with Truth,Mohandas K. Gandhi,1927,Memoir,queued
Steve Jobs,Walter Isaacson,2011,Biography,queued
Becoming,Michelle Obama,2018,Biography,queued
The Autobiography of Malcolm X,Malcolm X with Alex Haley,1965,Biography,queued
Rich Dad Poor Dad,Robert T. Kiyosaki,1997,Finance,queued
The Intelligent Investor,Benjamin Graham,1949,Finance,queued
The Richest Man in Babylon,George S. Clason,1926,Finance,queued
A Random Walk Down Wall Street,Burton G. Malkiel,1973,Finance,queued
The Little Book of Common Sense Investing,John C. Bogle,2007,Finance,queued
Common Stocks and Uncommon Profits,Philip A. Fisher,1958,Finance,queued
Freakonomics,Steven D. Levitt and Stephen J. Dubner,2005,Economics,queued
The Wealth of Nations,Adam Smith,1776,Economics,queued
Capital in the Twenty-First Century,Thomas Piketty,2013,Economics,queued
The Black Swan,Nassim Nicholas Taleb,2007,Economics,queued
Antifragile,Nassim Nicholas Taleb,2012,Economics,queued
Poor Economics,Abhijit V. Banerjee and Esther Duflo,2011,Economics,queued
"Guns, Germs, and Steel",Jared Diamond,1997,History,queued
Homo Deus,Yuval Noah Harari,2015,History,queued
The Discovery of India,Jawaharlal Nehru,1946,History,queued
India After Gandhi,Ramachandra Guha,2007,History,queued
A Brief History of Time,Stephen Hawking,1988,Science,queued
The Selfish Gene,Richard Dawkins,1976,Science,queued
Cosmos,Carl Sagan,1980,Science,queued
On the Origin of Species,Charles Darwin,1859,Science,queued
Silent Spring,Rachel Carson,1962,Science,queued
The Gene,Siddhartha Mukherjee,2016,Science,queued
The Emperor of All Maladies,Siddhartha Mukherjee,2010,Science,queued
Autobiography of a Yogi,Paramahansa Yogananda,1946,Spirituality,queued
The Prophet,Kahlil Gibran,1923,Spirituality,queued
Mere Christianity,C. S. Lewis,1952,Spirituality,queued
The Road Less Traveled,M. Scott Peck,1978,Spirituality,queued
A New Earth,Eckhart Tolle,2005,Spirituality,queued
