slug,file,title,author,motif,layout,mode,hue,kb,sha1
1984-orwell-en,1984-orwell-en-cover.jpg,1984,George Orwell,eye,center,dark,18.0,118,44b0743d0d28
animal-farm-orwell-en,animal-farm-orwell-en-cover.jpg,Animal Farm,George Orwell,windmill,bottom,light,155.5,113,ed5316731d24
antifragile,antifragile-cover.jpg,Antifragile,Nassim Nicholas Taleb,shards,top,dark,293.0,118,03b7c0b01f20
atomic-habits,atomic-habits-cover.jpg,Atomic Habits,James Clear,grid,top,light,70.5,116,582f4505bb17
black-swan,black-swan-cover.jpg,The Black Swan,Nassim Nicholas Taleb,eclipse,center,dark,208.0,139,2bd1c1186879
blink,blink-cover.jpg,Blink,Malcolm Gladwell,rays,top,dark,345.5,136,b5eee6082953
can-t-hurt-me,can-t-hurt-me-cover.jpg,Can't Hurt Me,David Goggins,flame,bottom,dark,123.0,115,56a71ef66937
ego-is-the-enemy,ego-is-the-enemy-cover.jpg,Ego Is the Enemy,Ryan Holiday,ring,left,light,260.6,123,1504f4a38377
essentialism,essentialism-cover.jpg,Essentialism,Greg McKeown,dots,center,light,38.1,117,b00a51ac113e
flow,flow-cover.jpg,Flow,Mihaly Csikszentmihalyi,waves,bottom,dark,175.6,125,141234fe15fd
freakonomics,freakonomics-cover.jpg,Freakonomics,Steven D. Levitt & Stephen J. Dubner,bars,top,light,313.1,117,54e401f747d3
getting-things-done,getting-things-done-cover.jpg,Getting Things Done,David Allen,grid,top,light,90.6,131,c88ec14d3870
good-to-great,good-to-great-cover.jpg,Good to Great,Jim Collins,stairs,bottom,dark,228.1,106,261c348b1b04
grit,grit-cover.jpg,Grit,Angela Duckworth,peaks,left,dark,5.6,101,23a939b15a81
hamlet-shakespeare-en,hamlet-shakespeare-en-cover.jpg,Hamlet,William Shakespeare,moon,center,dark,143.1,114,38d026496e6a
how-to-win-friends,how-to-win-friends-cover.jpg,How to Win Friends and Influence People,Dale Carnegie,dots,top,light,280.6,151,0d8eff794011
macbeth-shakespeare-en,macbeth-shakespeare-en-cover.jpg,Macbeth,William Shakespeare,crown,center,dark,58.1,112,e34e85aa72f8
man-search-meaning,man-search-meaning-cover.jpg,Man's Search for Meaning,Viktor E. Frankl,path,bottom,dark,195.6,128,845e6b660c13
meditations,meditations-cover.jpg,Meditations,Marcus Aurelius,columns,center,light,333.1,111,a21c762871fa
mindset,mindset-cover.jpg,Mindset,Carol S. Dweck,tree,bottom,light,110.6,119,466744bf237a
never-split-the-difference,never-split-the-difference-cover.jpg,Never Split the Difference,Chris Voss,split,center,light,248.2,109,1be9527c118f
outliers,outliers-cover.jpg,Outliers,Malcolm Gladwell,dots,top,dark,25.7,117,b6cfaa289f96
predictably-irrational,predictably-irrational-cover.jpg,Predictably Irrational,Dan Ariely,path,top,dark,163.2,140,d2d027c5e930
principles,principles-cover.jpg,Principles,Ray Dalio,stairs,center,light,300.7,104,7b6b346778ea
range,range-cover.jpg,Range,David Epstein,tree,left,light,78.2,116,0c9d0eac3ba7
rich-dad-poor-dad,rich-dad-poor-dad-cover.jpg,Rich Dad Poor Dad,Robert T. Kiyosaki,coins,bottom,dark,215.7,134,7a4d69f04d22
sapiens,sapiens-cover.jpg,Sapiens,Yuval Noah Harari,spiral,center,light,353.2,137,43900630019c
shoe-dog,shoe-dog-cover.jpg,Shoe Dog,Phil Knight,path,bottom,light,130.7,114,1c5de639a766
start-with-why,start-with-why-cover.jpg,Start With Why,Simon Sinek,rings,center,light,268.2,140,3158874b9d59
the-7-habits,the-7-habits-cover.jpg,The 7 Habits of Highly Effective People,Stephen R. Covey,petals,top,light,45.7,120,25b7080b8d23
the-alchemist,the-alchemist-cover.jpg,The Alchemist,Paulo Coelho,waves,bottom,dark,183.2,124,7c90466286be
the-body-keeps-score,the-body-keeps-score-cover.jpg,The Body Keeps the Score,Bessel van der Kolk,heartbeat,top,dark,320.7,130,b03e4e0f850f
the-courage-to-be-disliked,the-courage-to-be-disliked-cover.jpg,The Courage to Be Disliked,Ichiro Kishimi & Fumitake Koga,beam,center,dark,98.2,124,df0ea851c64d
the-four-agreements,the-four-agreements-cover.jpg,The Four Agreements,Don Miguel Ruiz,grid,center,light,235.8,131,e61a10f3b65a
the-hard-thing,the-hard-thing-cover.jpg,The Hard Thing About Hard Things,Ben Horowitz,peaks,bottom,dark,13.3,117,2e38c69fa0a7
the-lean-startup,the-lean-startup-cover.jpg,The Lean Startup,Eric Ries,loop,top,light,150.8,116,3248018e05fb
the-lord-of-the-rings-en,the-lord-of-the-rings-en-cover.jpg,The Lord of the Rings,J. R. R. Tolkien,ring,center,dark,288.3,131,1631d13422c9
the-mountain-is-you,the-mountain-is-you-cover.jpg,The Mountain Is You,Brianna Wiest,peaks,top,dark,65.8,111,1ccf84b026bb
the-obstacle-is-the-way,the-obstacle-is-the-way-cover.jpg,The Obstacle Is the Way,Ryan Holiday,path,bottom,light,203.3,128,cdb60449ac3b
the-power-of-now,the-power-of-now-cover.jpg,The Power of Now,Eckhart Tolle,rings,bottom,dark,340.8,140,0f71d7c3e466
the-power-of-positive-thinking-en,the-power-of-positive-thinking-en-cover.jpg,The Power of Positive Thinking,Norman Vincent Peale,rays,top,light,118.3,143,a8e2dd155fce
the-power-of-your-subconscious-mind,the-power-of-your-subconscious-mind-cover.jpg,The Power of Your Subconscious Mind,Joseph Murphy,iceberg,top,dark,255.8,119,4f3453eb5bb8
the-richest-man-in-babylon-en,the-richest-man-in-babylon-en-cover.jpg,The Richest Man in Babylon,George S. Clason,arch,center,dark,33.3,125,c0e888b4f30c
the-science-of-getting-rich-en,the-science-of-getting-rich-en-cover.jpg,The Science of Getting Rich,Wallace D. Wattles,rays,left,dark,170.8,142,ac68d5e444b9
the-subtle-art,the-subtle-art-cover.jpg,The Subtle Art of Not Giving a F*ck,Mark Manson,fade,top,light,308.3,146,ce8191347f72
the-war-of-art,the-war-of-art-cover.jpg,The War of Art,Steven Pressfield,strokes,left,dark,85.8,130,ab099642dbd5
think-and-grow-rich-en,think-and-grow-rich-en-cover.jpg,Think and Grow Rich,Napoleon Hill,stairs,bottom,light,223.4,122,b4bdf89e7cfa
when-breath-becomes-air,when-breath-becomes-air-cover.jpg,When Breath Becomes Air,Paul Kalanithi,waves,center,light,0.9,135,455056f588c9
why-we-sleep,why-we-sleep-cover.jpg,Why We Sleep,Matthew Walker,moon,center,dark,138.4,119,bfea43a99ef7
wings-of-fire,wings-of-fire-cover.jpg,Wings of Fire,A. P. J. Abdul Kalam,wings,bottom,dark,275.9,133,902b9558cf35
zero-to-one,zero-to-one-cover.jpg,Zero to One,Peter Thiel,glyph_zero_one,center,light,53.4,113,8d7fe1a81540
bhagavad-gita,bhagavad-gita-cover.jpg,Bhagavad Gita,Vyasa,petals,top,dark,190.9,117,88cbc978718b
