slug,title,author,category,archetype,palette,font,layout,file
aakhiri-kalam-suryakant-tripathi-nirala-saransh,आखिरी कलम,सूर्यकांत त्रिपाठी निराला,,monsoon_tree,forest_fog,Khand-Bold.ttf,band,aakhiri-kalam-suryakant-tripathi-nirala-saransh.jpg
adhe-adhure-mohan-rakesh-saransh,आधे-अधूरे,मोहन राकेश,साहित्य,block_print,navy_gold,Hind-Bold.ttf,framed,adhe-adhure-mohan-rakesh-saransh.jpg
amrapali-narendra-sharma-saransh,अम्रपाली,नरेंद्र शर्मा,,minimal_wave,ocean_deep,Hind-Bold.ttf,top,amrapali-narendra-sharma-saransh.jpg
antahpur-madhav-sharma-saransh,अंतःपुर,माधव शर्मा,,moon_river,peacock_blue,YatraOne-Regular.ttf,topleft,antahpur-madhav-sharma-saransh.jpg
aplak-jaishankar-prasad-saransh,अपलक,जयशंकर प्रसाद,साहित्य,wheat_noon,navy_gold,Hind-Bold.ttf,bottom,aplak-jaishankar-prasad-saransh.jpg
baazigar-shivani-saransh,बाज़ीगर,शिवानी,,diya_night,ivory_mint,Khand-Bold.ttf,band,baazigar-shivani-saransh.jpg
barah-mah-kaifi-azmi-saransh,बारह माह,कैफ़ी आज़मी,,lotus_pond,sindoor_crimson,YatraOne-Regular.ttf,bottom,barah-mah-kaifi-azmi-saransh.jpg
bhagavad-gita-hindi-saransh,भगवद् गीता,महर्षि वेदव्यास,आध्यात्म,jharokha_arch,forest_fog,Hind-Bold.ttf,topleft,bhagavad-gita-hindi-saransh.jpg
chakravyuh-bhagwati-charan-verma-saransh,चक्रव्यूह,भगवती चरण वर्मा,,deco_city,basant_spring,Hind-Bold.ttf,bottom,chakravyuh-bhagwati-charan-verma-saransh.jpg
champaklal-ki-kahaniyan-krishan-chander-saransh,चंपकलाल की कहानियाँ,कृष्ण चंदर,,warli_folk,peacock_blue,Khand-Bold.ttf,framed,champaklal-ki-kahaniyan-krishan-chander-saransh.jpg
chand-ka-muh-dharamvir-bharti-saransh,चाँद का मुँह,धर्मवीर भारती,,monsoon_tree,wine_cellar,Martel-Bold.ttf,framed,chand-ka-muh-dharamvir-bharti-saransh.jpg
chandni-raat-aur-kavita-sumitranandan-pant-saransh,चाँदनी रात और कविता,सुमित्रानंदन पंत,,block_print,olive_khadi,Hind-Bold.ttf,bottom,chandni-raat-aur-kavita-sumitranandan-pant-saransh.jpg
chandrakanta-devakinandan-khatri-saransh,चंद्रकांता,देवकीनंदन खत्री,साहित्य,block_print,ivory_mint,Martel-Bold.ttf,top,chandrakanta-devakinandan-khatri-saransh.jpg
charitraheen-sharatchandra-saransh,चरित्रहीन,शरतचंद्र चट्टोपाध्याय,साहित्य,monsoon_tree,black_gold_deco,TiroDevanagariHindi-Regular.ttf,top,charitraheen-sharatchandra-saransh.jpg
chauraha-uday-prakash-saransh,चौराहा,उदय प्रकाश,,warli_folk,marigold,TiroDevanagariHindi-Regular.ttf,bottom,chauraha-uday-prakash-saransh.jpg
chaurahon-par-kamleshwar-saransh,चौराहों पर,कमलेश्वर,,block_print,royal_plum,YatraOne-Regular.ttf,top,chaurahon-par-kamleshwar-saransh.jpg
chidiya-ghar-fanishwar-nath-renu-saransh,चिड़ियाघर,फणीश्वर नाथ रेणु,,deco_city,rose_madder,Khand-Bold.ttf,bottom,chidiya-ghar-fanishwar-nath-renu-saransh.jpg
chidiya-ghar-ki-kahaniyan-krishan-chander-saransh,चिड़ियाघर की कहानियाँ,कृष्ण चंदर,,moon_river,rose_madder,TiroDevanagariHindi-Regular.ttf,framed,chidiya-ghar-ki-kahaniyan-krishan-chander-saransh.jpg
chitra-rabindranath-tagore-saransh,चित्रा,रवींद्रनाथ ठाकुर,साहित्य,ember_pyre,dusty_pink,TiroDevanagariHindi-Regular.ttf,top,chitra-rabindranath-tagore-saransh.jpg
chitralekha-bhagvati-charan-verma-saransh,चित्रलेखा,भगवती चरण वर्मा,साहित्य,lotus_pond,plum_twilight,TiroDevanagariHindi-Regular.ttf,top,chitralekha-bhagvati-charan-verma-saransh.jpg
devdas-sharatchandra-saransh,देवदास,शरतचंद्र चट्टोपाध्याय,साहित्य,wheat_noon,emerald_court,RozhaOne-Regular.ttf,top,devdas-sharatchandra-saransh.jpg
dharti-dhan-na-apan-bhisham-sahni-saransh,धरती धन न आपन,भीष्म साहनी,,warli_folk,mustard_village,Hind-Bold.ttf,top,dharti-dhan-na-apan-bhisham-sahni-saransh.jpg
dharti-ka-geet-nagarjune-saransh,धरती का गीत,नागार्जुन,,monsoon_tree,ice_pale,YatraOne-Regular.ttf,top,dharti-ka-geet-nagarjune-saransh.jpg
dharti-ki-awaaz-nagarjune-saransh,धरती की आवाज़,नागार्जुन,,jharokha_arch,indigo_gold,Martel-Bold.ttf,top,dharti-ki-awaaz-nagarjune-saransh.jpg
dharti-ki-baat-phanishwar-nath-renu-saransh,धरती की बात,फणीश्वर नाथ रेणु,,dawn_village,coral_dawn,Khand-Bold.ttf,band,dharti-ki-baat-phanishwar-nath-renu-saransh.jpg
dharti-ki-beti-shivani-saransh,धरती की बेटी,शिवानी,,sufi_stars,slate_rain,YatraOne-Regular.ttf,top,dharti-ki-beti-shivani-saransh.jpg
dhundh-ki-awaaz-nirmal-verma-saransh,धुंध की आवाज़,निर्मल वर्मा,,warli_folk,jade_museum,YatraOne-Regular.ttf,top,dhundh-ki-awaaz-nirmal-verma-saransh.jpg
dhup-ka-ek-tukda-mannu-bhandari-saransh,धूप का एक टुकड़ा,मन्नू भंडारी,,moon_river,dusty_pink,TiroDevanagariHindi-Regular.ttf,top,dhup-ka-ek-tukda-mannu-bhandari-saransh.jpg
divya-chatursen-saransh,दिव्या,आचार्य चतुरसेन शास्त्री,साहित्य,ember_pyre,indigo_gold,Khand-Bold.ttf,top,divya-chatursen-saransh.jpg
do-beegha-zameen-shailendra-saransh,दो बीघा ज़मीन,शैलेंद्र,,ink_brush,sindoor_crimson,YatraOne-Regular.ttf,band,do-beegha-zameen-shailendra-saransh.jpg
do-mulaqatein-rajendra-yadav-saransh,दो मुलाकातें,राजेंद्र यादव,,ember_pyre,olive_khadi,Khand-Bold.ttf,top,do-mulaqatein-rajendra-yadav-saransh.jpg
do-rahe-mahadevi-varma-saransh,दो राहे,महादेवी वर्मा,,warli_folk,slate_rain,YatraOne-Regular.ttf,bottom,do-rahe-mahadevi-varma-saransh.jpg
ek-akela-raste-mein-nirmal-verma-saransh,एक अकेला रास्ते में,निर्मल वर्मा,,dawn_village,sandstone,Khand-Bold.ttf,top,ek-akela-raste-mein-nirmal-verma-saransh.jpg
ek-akeli-aurat-bhagwati-charan-verma-saransh,एक अकेली औरत,भगवती चरण वर्मा,,ember_pyre,charcoal_ember,Khand-Bold.ttf,band,ek-akeli-aurat-bhagwati-charan-verma-saransh.jpg
ek-ank-aur-dinkar-saransh,एक अंक और,रामधारी सिंह दिनकर,,wheat_noon,peacock_blue,Hind-Bold.ttf,band,ek-ank-aur-dinkar-saransh.jpg
ek-ank-aur-harivansh-rai-bachchan-saransh,एक अंक और,हरिवंश राय बच्चन,,sufi_stars,black_gold_deco,YatraOne-Regular.ttf,bottom,ek-ank-aur-harivansh-rai-bachchan-saransh.jpg
ek-aur-basant-sumitranandan-pant-saransh,एक और बसंत,सुमित्रानंदन पंत,,diya_night,emerald_court,Martel-Bold.ttf,bottom,ek-aur-basant-sumitranandan-pant-saransh.jpg
ek-aur-ek-gyarah-srilal-shukla-saransh,एक और एक ग्यारह,श्रीलाल शुक्ल,,mist_mountains,forest_fog,Khand-Bold.ttf,topleft,ek-aur-ek-gyarah-srilal-shukla-saransh.jpg
ek-aur-kavita-dinkar-saransh,एक और कविता,रामधारी सिंह दिनकर,,ink_brush,basant_spring,YatraOne-Regular.ttf,framed,ek-aur-kavita-dinkar-saransh.jpg
ek-aur-maleecha-kamleshwar-saransh,एक और मलीछा,कमलेश्वर,,jharokha_arch,navy_gold,TiroDevanagariHindi-Regular.ttf,topleft,ek-aur-maleecha-kamleshwar-saransh.jpg
ek-aur-prithviraj-jayshankar-prasad-saransh,एक और पृथ्वीराज,जयशंकर प्रसाद,,sufi_stars,marigold,Hind-Bold.ttf,topleft,ek-aur-prithviraj-jayshankar-prasad-saransh.jpg
ek-aur-savera-namwar-singh-saransh,एक और सवेरा,नामवर सिंह,,deco_city,olive_khadi,TiroDevanagariHindi-Regular.ttf,framed,ek-aur-savera-namwar-singh-saransh.jpg
ek-baat-aur-mannu-bhandari-saransh,एक बात और,मन्नू भंडारी,,wheat_noon,marigold,YatraOne-Regular.ttf,top,ek-baat-aur-mannu-bhandari-saransh.jpg
ek-bund-sahsa-kedarnath-singh-saransh,एक बूँद सहसा,केदारनाथ सिंह,,sufi_stars,sepia_archive,Martel-Bold.ttf,top,ek-bund-sahsa-kedarnath-singh-saransh.jpg
ek-chitthi-sadguru-prasad-saransh,एक चिट्ठी,सद्गुरु प्रसाद,,sufi_stars,indigo_gold,Khand-Bold.ttf,band,ek-chitthi-sadguru-prasad-saransh.jpg
ek-ghar-aur-basant-pant-saransh,एक घर और,सुमित्रानंदन पंत,,mist_mountains,jade_museum,RozhaOne-Regular.ttf,top,ek-ghar-aur-basant-pant-saransh.jpg
ek-kahani-jo-sach-hui-madhav-juliyani-saransh,एक कहानी जो सच हुई,माधव जुलियानी,,warli_folk,dusty_pink,Hind-Bold.ttf,topleft,ek-kahani-jo-sach-hui-madhav-juliyani-saransh.jpg
ek-nadi-aur-sapna-kedarnath-singh-saransh,एक नदी और सपना,केदारनाथ सिंह,,diya_night,slate_rain,Hind-Bold.ttf,framed,ek-nadi-aur-sapna-kedarnath-singh-saransh.jpg
ek-nadi-vichitra-nadi-namwar-singh-saransh,एक नदी विचित्र नदी,नामवर सिंह,,deco_city,indigo_gold,Martel-Bold.ttf,top,ek-nadi-vichitra-nadi-namwar-singh-saransh.jpg
ek-purani-kahani-bhisham-sahni-saransh,एक पुरानी कहानी,भीष्म साहनी,,deco_city,sepia_archive,Khand-Bold.ttf,top,ek-purani-kahani-bhisham-sahni-saransh.jpg
ek-pyaala-chai-ashok-chakradhar-saransh,एक प्याला चाय,अशोक चक्रधर,,monsoon_tree,sandstone,TiroDevanagariHindi-Regular.ttf,top,ek-pyaala-chai-ashok-chakradhar-saransh.jpg
ek-pyaar-kahani-jainendra-kumar-saransh,एक प्यार कहानी,जैनेंद्र कुमार,,warli_folk,wine_cellar,Martel-Bold.ttf,top,ek-pyaar-kahani-jainendra-kumar-saransh.jpg
ek-pyaar-ki-baat-jainendra-kumar-saransh,एक प्यार की बात,जैनेंद्र कुमार,,sufi_stars,navy_gold,Khand-Bold.ttf,bottom,ek-pyaar-ki-baat-jainendra-kumar-saransh.jpg
ek-samasya-aur-nirala-saransh,एक समस्या और,सूर्यकांत त्रिपाठी निराला,,lotus_pond,monsoon_teal,Hind-Bold.ttf,topleft,ek-samasya-aur-nirala-saransh.jpg
ek-samvad-mahadevi-varma-saransh,एक संवाद,महादेवी वर्मा,,minimal_wave,charcoal_ember,YatraOne-Regular.ttf,top,ek-samvad-mahadevi-varma-saransh.jpg
ek-savera-jo-abya-aaya-harishankar-parsai-saransh,एक सवेरा जो अभी आया,हरिशंकर परसाई,,wheat_noon,black_gold_deco,RozhaOne-Regular.ttf,bottom,ek-savera-jo-abya-aaya-harishankar-parsai-saransh.jpg
ek-vriksha-ki-chhaon-ram-nath-awasthi-saransh,एक वृक्ष की छाँव,रामनाथ अवस्थी,,deco_city,peacock_blue,RozhaOne-Regular.ttf,top,ek-vriksha-ki-chhaon-ram-nath-awasthi-saransh.jpg
gaban-munshi-premchand-saransh,गबन,मुंशी प्रेमचंद,साहित्य,ink_brush,black_gold_deco,Hind-Bold.ttf,topleft,gaban-munshi-premchand-saransh.jpg
godan-munshi-premchand-saransh,गोदान,मुंशी प्रेमचंद,साहित्य,dawn_village,copper_rust,Hind-Bold.ttf,top,godan-munshi-premchand-saransh.jpg
gunahon-ka-devta-dharamvir-bharti-saransh,गुनाहों का देवता,धर्मवीर भारती,साहित्य,block_print,black_gold_deco,YatraOne-Regular.ttf,bottom,gunahon-ka-devta-dharamvir-bharti-saransh.jpg
haldighati-shyam-narayan-pandey-saransh,हलदीघाटी,श्याम नारायण पांडे,कविता,diya_night,burnt_umber,RozhaOne-Regular.ttf,framed,haldighati-shyam-narayan-pandey-saransh.jpg
jail-diary-prasad-saransh,जेल डायरी,जयशंकर प्रसाद,,deco_city,sandstone,TiroDevanagariHindi-Regular.ttf,topleft,jail-diary-prasad-saransh.jpg
jhootha-sach-yashpal-saransh,झूठा सच,यशपाल,साहित्य,ink_brush,sepia_archive,Khand-Bold.ttf,topleft,jhootha-sach-yashpal-saransh.jpg
kafan-ke-baad-premchand-saransh,कफ़न के बाद,प्रेमचंद,,warli_folk,ocean_deep,Martel-Bold.ttf,top,kafan-ke-baad-premchand-saransh.jpg
kahan-kahan-se-guzar-aaya-suryakant-tripathi-nirala-saransh,कहाँ-कहाँ से गुज़र आया,सूर्यकांत त्रिपाठी निराला,,dawn_village,ice_pale,TiroDevanagariHindi-Regular.ttf,topleft,kahan-kahan-se-guzar-aaya-suryakant-tripathi-nirala-saransh.jpg
kahan-se-kahan-tak-ajneya-saransh,कहाँ से कहाँ तक,अज्ञेय,,moon_river,sandstone,RozhaOne-Regular.ttf,top,kahan-se-kahan-tak-ajneya-saransh.jpg
kalam-ka-sipahi-shivmangal-singh-suman-saransh,कलम का सिपाही,शिवमंगल सिंह सुमन,,ember_pyre,mustard_village,RozhaOne-Regular.ttf,top,kalam-ka-sipahi-shivmangal-singh-suman-saransh.jpg
kalpna-ki-udaan-jainendra-kumar-saransh,कल्पना की उड़ान,जैनेंद्र कुमार,,ink_brush,mustard_village,Hind-Bold.ttf,band,kalpna-ki-udaan-jainendra-kumar-saransh.jpg
kamayani-jaishankar-prasad-saransh,कामायनी,जयशंकर प्रसाद,साहित्य,ember_pyre,basant_spring,YatraOne-Regular.ttf,top,kamayani-jaishankar-prasad-saransh.jpg
karmabhoomi-premchand-saransh,कर्मभूमि,मुंशी प्रेमचंद,साहित्य,monsoon_tree,sindoor_crimson,TiroDevanagariHindi-Regular.ttf,topleft,karmabhoomi-premchand-saransh.jpg
katha-sagar-premchand-saransh,कथा सागर,प्रेमचंद,,diya_night,basant_spring,Martel-Bold.ttf,top,katha-sagar-premchand-saransh.jpg
kavita-ke-bahane-dharamvir-bharti-saransh,कविता के बहाने,धर्मवीर भारती,,diya_night,marigold,Khand-Bold.ttf,top,kavita-ke-bahane-dharamvir-bharti-saransh.jpg
kavita-ki-raat-mahadevi-varma-saransh,कविता की रात,महादेवी वर्मा,,mist_mountains,copper_rust,TiroDevanagariHindi-Regular.ttf,topleft,kavita-ki-raat-mahadevi-varma-saransh.jpg
kayakalp-premchand-saransh,कायाकल्प,मुंशी प्रेमचंद,साहित्य,wheat_noon,royal_plum,TiroDevanagariHindi-Regular.ttf,top,kayakalp-premchand-saransh.jpg
kitne-chaurahe-kamleshwar-saransh,कितने चौराहे,कमलेश्वर,साहित्य,block_print,ocean_deep,TiroDevanagariHindi-Regular.ttf,framed,kitne-chaurahe-kamleshwar-saransh.jpg
kurukshetra-dinkar-saransh,कुरुक्षेत्र,रामधारी सिंह 'दिनकर',कविता,dawn_village,ocean_deep,Khand-Bold.ttf,top,kurukshetra-dinkar-saransh.jpg
lehron-ke-rajhans-mohan-rakesh-saransh,लहरों के राजहंस,मोहन राकेश,साहित्य,diya_night,saffron_temple,Hind-Bold.ttf,top,lehron-ke-rajhans-mohan-rakesh-saransh.jpg
madhushala-harivansh-rai-bachchan-saransh,मधुशाला,हरिवंश राय बच्चन,कविता/दर्शन,diya_night,copper_rust,Khand-Bold.ttf,band,madhushala-harivansh-rai-bachchan-saransh.jpg
mahan-natak-vrindavan-lal-varma-saransh,महान नाटक,वृंदावन लाल वर्मा,,diya_night,jade_museum,TiroDevanagariHindi-Regular.ttf,top,mahan-natak-vrindavan-lal-varma-saransh.jpg
maila-aanchal-phanishwar-nath-renu-saransh,मैला आँचल,फणीश्वर नाथ 'रेणु',साहित्य,mist_mountains,burnt_umber,RozhaOne-Regular.ttf,top,maila-aanchal-phanishwar-nath-renu-saransh.jpg
manasrovar-premchand-saransh,मानसरोवर,मुंशी प्रेमचंद,साहित्य,ink_brush,wine_cellar,TiroDevanagariHindi-Regular.ttf,top,manasrovar-premchand-saransh.jpg
nadi-ke-dweep-agyeya-saransh,नदी के द्वीप,अज्ञेय,कविता,ink_brush,burnt_umber,Hind-Bold.ttf,topleft,nadi-ke-dweep-agyeya-saransh.jpg
naye-ilake-mein-kunwar-narayan-saransh,नए इलाके में,कुँवर नारायण,,warli_folk,indigo_gold,Martel-Bold.ttf,top,naye-ilake-mein-kunwar-narayan-saransh.jpg
neeli-ghas-krishna-baldev-vaaid-saransh,नीली घास,कृष्ण बलदेव वैद,,moon_river,burnt_umber,YatraOne-Regular.ttf,top,neeli-ghas-krishna-baldev-vaaid-saransh.jpg
nirmala-munshi-premchand-saransh,निर्मला,मुंशी प्रेमचंद,साहित्य,deco_city,ivory_mint,TiroDevanagariHindi-Regular.ttf,top,nirmala-munshi-premchand-saransh.jpg
padmaavat-jayasi-saransh,पद्मावत,मलिक मुहम्मद जायसी,साहित्य,ink_brush,rose_madder,YatraOne-Regular.ttf,top,padmaavat-jayasi-saransh.jpg
parineeta-sharatchandra-saransh,परिणीता,शरतचंद्र चट्टोपाध्याय,साहित्य,jharokha_arch,charcoal_ember,TiroDevanagariHindi-Regular.ttf,bottom,parineeta-sharatchandra-saransh.jpg
patthar-aur-pankhi-sumitranandan-pant-saransh,पत्थर और पंख,सुमित्रानंदन पंत,,warli_folk,ivory_mint,Hind-Bold.ttf,top,patthar-aur-pankhi-sumitranandan-pant-saransh.jpg
patthar-ka-ghoda-omprakash-valmiki-saransh,पत्थर का घोड़ा,ओमप्रकाश वाल्मीकि,,monsoon_tree,olive_khadi,Khand-Bold.ttf,framed,patthar-ka-ghoda-omprakash-valmiki-saransh.jpg
patthar-ki-baat-ramdarash-mishra-saransh,पत्थर की बात,रामदरश मिश्र,,minimal_wave,mustard_village,Martel-Bold.ttf,bottom,patthar-ki-baat-ramdarash-mishra-saransh.jpg
patthar-ki-deewar-bhagwati-charan-verma-saransh,पत्थर की दीवार,भगवती चरण वर्मा,,sufi_stars,coral_dawn,Martel-Bold.ttf,top,patthar-ki-deewar-bhagwati-charan-verma-saransh.jpg
patthar-ki-murten-ramdarash-mishra-saransh,पत्थर की मूर्तें,रामदरश मिश्र,,wheat_noon,monsoon_teal,RozhaOne-Regular.ttf,band,patthar-ki-murten-ramdarash-mishra-saransh.jpg
patthar-ki-zuban-rajendra-yadav-saransh,पत्थर की ज़ुबान,राजेंद्र यादव,,block_print,terracotta_dusk,Martel-Bold.ttf,topleft,patthar-ki-zuban-rajendra-yadav-saransh.jpg
pratigya-premchand-saransh,प्रतिज्ञा,मुंशी प्रेमचंद,साहित्य,ink_brush,olive_khadi,Martel-Bold.ttf,bottom,pratigya-premchand-saransh.jpg
prem-ki-bhiksha-jayshankar-prasad-saransh,प्रेम की भिक्षा,जयशंकर प्रसाद,,warli_folk,navy_gold,TiroDevanagariHindi-Regular.ttf,band,prem-ki-bhiksha-jayshankar-prasad-saransh.jpg
premashram-premchand-saransh,प्रेमाश्रम,मुंशी प्रेमचंद,साहित्य,sufi_stars,ivory_mint,TiroDevanagariHindi-Regular.ttf,bottom,premashram-premchand-saransh.jpg
raat-ki-awaaz-krishna-sobti-saransh,रात की आवाज़,कृष्णा सोबती,,lotus_pond,rose_madder,Martel-Bold.ttf,topleft,raat-ki-awaaz-krishna-sobti-saransh.jpg
rag-darbari-shrilal-shukla-saransh,राग दरबारी,श्रीलाल शुक्ल,साहित्य,lotus_pond,slate_rain,Khand-Bold.ttf,band,rag-darbari-shrilal-shukla-saransh.jpg
raktakarabi-rabindranath-thakur-saransh,रक्तकरबी,रवींद्रनाथ ठाकुर,साहित्य,warli_folk,terracotta_dusk,YatraOne-Regular.ttf,framed,raktakarabi-rabindranath-thakur-saransh.jpg
ramcharitmanas-tulsidas-saransh,रामचरितमानस,गोस्वामी तुलसीदास,आध्यात्म,wheat_noon,ocean_deep,Martel-Bold.ttf,bottom,ramcharitmanas-tulsidas-saransh.jpg
rangbhoomi-premchand-saransh,रंगभूमि,मुंशी प्रेमचंद,साहित्य,block_print,mustard_village,Hind-Bold.ttf,band,rangbhoomi-premchand-saransh.jpg
rashmirathi-dinkar-saransh,रश्मिरथी,रामधारी सिंह 'दिनकर',कविता,warli_folk,black_gold_deco,Hind-Bold.ttf,framed,rashmirathi-dinkar-saransh.jpg
saket-maithilisharan-gupta-saransh,साकेत,मैथिलीशरण गुप्त,कविता,ember_pyre,navy_gold,YatraOne-Regular.ttf,top,saket-maithilisharan-gupta-saransh.jpg
samay-ke-saath-shamsher-bahadur-singh-saransh,समय के साथ,शमशेर बहादुर सिंह,,monsoon_tree,basant_spring,TiroDevanagariHindi-Regular.ttf,top,samay-ke-saath-shamsher-bahadur-singh-saransh.jpg
sankalp-yashwant-dinkar-pendharkar-saransh,संकल्प,यशवंत दिनकर पेंढारकर,,sufi_stars,basant_spring,Hind-Bold.ttf,top,sankalp-yashwant-dinkar-pendharkar-saransh.jpg
sautela-beta-sohanlal-dvivedi-saransh,सौतेला बेटा,सोहनलाल द्विवेदी,,sufi_stars,forest_fog,RozhaOne-Regular.ttf,framed,sautela-beta-sohanlal-dvivedi-saransh.jpg
sevasadan-premchand-saransh,सेवासदन,मुंशी प्रेमचंद,साहित्य,mist_mountains,plum_twilight,RozhaOne-Regular.ttf,topleft,sevasadan-premchand-saransh.jpg
shekhar-ek-jivani-agyeya-saransh,शेखर एक जीवनी,अज्ञेय,साहित्य,block_print,marigold,Khand-Bold.ttf,top,shekhar-ek-jivani-agyeya-saransh.jpg
somdev-chatursen-saransh,सोमदेव,आचार्य चतुरसेन शास्त्री,साहित्य,dawn_village,slate_rain,TiroDevanagariHindi-Regular.ttf,top,somdev-chatursen-saransh.jpg
sone-ka-anda-krishan-chander-saransh,सोने का अंडा,कृष्ण चंदर,,block_print,indigo_gold,Martel-Bold.ttf,top,sone-ka-anda-krishan-chander-saransh.jpg
sone-ka-pinjra-shivani-saransh,सोने का पिंजरा,शिवानी,,lotus_pond,basant_spring,RozhaOne-Regular.ttf,top,sone-ka-pinjra-shivani-saransh.jpg
sone-ki-chidiya-rahul-sankrityayan-saransh,सोने की चिड़िया,राहुल सांकृत्यायन,,moon_river,copper_rust,TiroDevanagariHindi-Regular.ttf,topleft,sone-ki-chidiya-rahul-sankrityayan-saransh.jpg
surya-ki-ghodi-ramdarash-mishra-saransh,सूरज की घोड़ी,रामदरश मिश्र,,sufi_stars,rose_madder,TiroDevanagariHindi-Regular.ttf,band,surya-ki-ghodi-ramdarash-mishra-saransh.jpg
suryast-ki-awaaz-kedarnath-agrawal-saransh,सूर्यास्त की आवाज़,केदारनाथ अग्रवाल,,diya_night,mustard_village,TiroDevanagariHindi-Regular.ttf,top,suryast-ki-awaaz-kedarnath-agrawal-saransh.jpg
tamas-bhisham-sahni-saransh,तमस,भीष्म साहनी,साहित्य,moon_river,indigo_gold,Khand-Bold.ttf,bottom,tamas-bhisham-sahni-saransh.jpg
teen-ekanki-bhagwati-charan-verma-saransh,तीन एकांकी,भगवती चरण वर्मा,,deco_city,emerald_court,TiroDevanagariHindi-Regular.ttf,framed,teen-ekanki-bhagwati-charan-verma-saransh.jpg
teeshri-kasam-renu-saransh,तीसरी कसम,फणीश्वर नाथ 'रेणु',साहित्य,deco_city,marigold,YatraOne-Regular.ttf,top,teeshri-kasam-renu-saransh.jpg
urvashi-dinkar-saransh,उर्वशी,रामधारी सिंह 'दिनकर',कविता,monsoon_tree,dusty_pink,Martel-Bold.ttf,bottom,urvashi-dinkar-saransh.jpg
vaishali-ki-nagarvadhu-chatursen-saransh,वैशाली की नगरवधू,आचार्य चतुरसेन शास्त्री,साहित्य,jharokha_arch,slate_rain,YatraOne-Regular.ttf,top,vaishali-ki-nagarvadhu-chatursen-saransh.jpg
vayam-raksham-rahul-sankrityayan-saransh,वयं रक्षाम,राहुल सांकृत्यायन,साहित्य,sufi_stars,monsoon_teal,TiroDevanagariHindi-Regular.ttf,topleft,vayam-raksham-rahul-sankrityayan-saransh.jpg
yama-mahadevi-varma-saransh,यामा,महादेवी वर्मा,कविता,jharokha_arch,basant_spring,TiroDevanagariHindi-Regular.ttf,top,yama-mahadevi-varma-saransh.jpg
yatra-ki-awaaz-uday-prakash-saransh,यात्रा की आवाज़,उदय प्रकाश,,warli_folk,emerald_court,RozhaOne-Regular.ttf,framed,yatra-ki-awaaz-uday-prakash-saransh.jpg
angan-ke-par-dvar-agyey-saransh,अंगन के पार द्वार,अज्ञेय,कविता,warli_folk,copper_rust,TiroDevanagariHindi-Regular.ttf,top,angan-ke-par-dvar-agyey-saransh.jpg
anjan-yashapal-saransh,अंजान,यशपाल,उपन्यास,deco_city,terracotta_dusk,Martel-Bold.ttf,band,anjan-yashapal-saransh.jpg
antim-aranya-nirmal-varma-saransh,अंतिम अरण्य,निर्मल वर्मा,उपन्यास,diya_night,charcoal_ember,RozhaOne-Regular.ttf,top,antim-aranya-nirmal-varma-saransh.jpg
antim-savitri-kashinath-sinh-saransh,अंतिम सावित्री,काशीनाथ सिंह,उपन्यास,lotus_pond,peacock_blue,YatraOne-Regular.ttf,framed,antim-savitri-kashinath-sinh-saransh.jpg
andha-yug-dharmavir-bharati-saransh,अंधा युग,धर्मवीर भारती,नाटक,dawn_village,ivory_mint,YatraOne-Regular.ttf,top,andha-yug-dharmavir-bharati-saransh.jpg
andhe-band-kamare-mohan-rakesh-saransh,अंधे बंद कमरे,मोहन राकेश,नाटक,ember_pyre,copper_rust,RozhaOne-Regular.ttf,framed,andhe-band-kamare-mohan-rakesh-saransh.jpg
andher-nagari-bharatendu-harishchandra-saransh,अंधेर नगरी,भारतेंदु हरिश्चंद्र,नाटक,ember_pyre,ice_pale,RozhaOne-Regular.ttf,band,andher-nagari-bharatendu-harishchandra-saransh.jpg
andhere-men-chamagadar-shivamurti-saransh,अंधेरे में चमगादर,शिवमूर्ति,उपन्यास,block_print,charcoal_ember,Khand-Bold.ttf,bottom,andhere-men-chamagadar-shivamurti-saransh.jpg
andhere-men-muskurahat-nirmal-varma-saransh,अंधेरे में मुस्कुराहट,निर्मल वर्मा,कहानी संग्रह,ember_pyre,black_gold_deco,Khand-Bold.ttf,bottom,andhere-men-muskurahat-nirmal-varma-saransh.jpg
ajatashtru-shrilal-shukla-saransh,अजातशत्रु,श्रीलाल शुक्ल,उपन्यास,jharokha_arch,ivory_mint,TiroDevanagariHindi-Regular.ttf,framed,ajatashtru-shrilal-shukla-saransh.jpg
atithi-ravindranath-thakur-saransh,अतिथि,रवींद्रनाथ ठाकुर,कहानी,wheat_noon,basant_spring,Hind-Bold.ttf,top,atithi-ravindranath-thakur-saransh.jpg
atit-ke-chalachitra-mahadevi-varma-saransh,अतीत के चलचित्र,महादेवी वर्मा,संस्मरण,lotus_pond,mustard_village,Khand-Bold.ttf,bottom,atit-ke-chalachitra-mahadevi-varma-saransh.jpg
adhuri-aavaja-kamaleshvar-saransh,अधूरी आवाज़,कमलेश्वर,उपन्यास,moon_river,ice_pale,Martel-Bold.ttf,topleft,adhuri-aavaja-kamaleshvar-saransh.jpg
anant-antaral-bhagavati-charan-varma-saransh,अनंत अंतराल,भगवती चरण वर्मा,सामाजिक उपन्यास,dawn_village,saffron_temple,Martel-Bold.ttf,framed,anant-antaral-bhagavati-charan-varma-saransh.jpg
anamadas-ka-potha-hajari-prasad-dvivedi-saransh,अनामदास का पोथा,हजारी प्रसाद द्विवेदी,उपन्यास,jharokha_arch,jade_museum,YatraOne-Regular.ttf,top,anamadas-ka-potha-hajari-prasad-dvivedi-saransh.jpg
anamika-suryakant-tripathi-nirala-saransh,अनामिका,सूर्यकांत त्रिपाठी निराला,कविता,lotus_pond,olive_khadi,Khand-Bold.ttf,top,anamika-suryakant-tripathi-nirala-saransh.jpg
apana-apana-bhagya-yashapal-saransh,अपना-अपना भाग्य,यशपाल,उपन्यास,block_print,jade_museum,RozhaOne-Regular.ttf,bottom,apana-apana-bhagya-yashapal-saransh.jpg
apane-apane-anjam-kashinath-sinh-saransh,अपने-अपने अंजाम,काशीनाथ सिंह,उपन्यास,minimal_wave,royal_plum,RozhaOne-Regular.ttf,framed,apane-apane-anjam-kashinath-sinh-saransh.jpg
apane-apane-ajanabi-agyey-saransh,अपने-अपने अजनबी,अज्ञेय,यात्रा वृत्तांत,moon_river,mustard_village,Martel-Bold.ttf,topleft,apane-apane-ajanabi-agyey-saransh.jpg
apane-apane-vritta-madhav-nagada-saransh,अपने-अपने वृत्त,माधव नागदा,उपन्यास,ember_pyre,rose_madder,Khand-Bold.ttf,top,apane-apane-vritta-madhav-nagada-saransh.jpg
aparajito-bibhutibhushan-bandyopadhyay-saransh,अपराजितो,बिभूतिभूषण बंद्योपाध्याय,उपन्यास,dawn_village,forest_fog,Khand-Bold.ttf,band,aparajito-bibhutibhushan-bandyopadhyay-saransh.jpg
apalak-jayashankar-prasad-saransh,अपलक,जयशंकर प्रसाद,कविता,block_print,sindoor_crimson,YatraOne-Regular.ttf,bottom,apalak-jayashankar-prasad-saransh.jpg
amaya-shivani-saransh,अमाया,शिवानी,उपन्यास,monsoon_tree,saffron_temple,RozhaOne-Regular.ttf,top,amaya-shivani-saransh.jpg
amita-yashapal-saransh,अमिता,यशपाल,उपन्यास,warli_folk,charcoal_ember,TiroDevanagariHindi-Regular.ttf,top,amita-yashapal-saransh.jpg
amrit-ki-or-ilachandra-joshi-saransh,अमृत की ओर,इलाचंद्र जोशी,सामाजिक उपन्यास,wheat_noon,charcoal_ember,Hind-Bold.ttf,top,amrit-ki-or-ilachandra-joshi-saransh.jpg
amritasa-bhishma-sahani-saransh,अमृतसा,भीष्म साहनी,उपन्यास,monsoon_tree,rose_madder,Hind-Bold.ttf,top,amritasa-bhishma-sahani-saransh.jpg
are-o-pathik-agyey-saransh,अरे ओ पथिक,अज्ञेय,कविता,moon_river,sindoor_crimson,YatraOne-Regular.ttf,top,are-o-pathik-agyey-saransh.jpg
archana-suryakant-tripathi-nirala-saransh,अर्चना,सूर्यकांत त्रिपाठी निराला,कविता,diya_night,sandstone,RozhaOne-Regular.ttf,top,archana-suryakant-tripathi-nirala-saransh.jpg
alag-alag-raste-munshi-premachand-saransh,अलग अलग रास्ते,मुंशी प्रेमचंद,कहानी,dawn_village,jade_museum,TiroDevanagariHindi-Regular.ttf,framed,alag-alag-raste-munshi-premachand-saransh.jpg
alpaviram-gyanaranjan-saransh,अल्पविराम,ज्ञानरंजन,उपन्यास,deco_city,navy_gold,Martel-Bold.ttf,top,alpaviram-gyanaranjan-saransh.jpg
alma-maitreyi-pushpa-saransh,अल्मा,मैत्रेयी पुष्पा,उपन्यास,deco_city,charcoal_ember,Martel-Bold.ttf,bottom,alma-maitreyi-pushpa-saransh.jpg
ashok-ke-phul-hajari-prasad-dvivedi-saransh,अशोक के फूल,हजारी प्रसाद द्विवेदी,निबंध,lotus_pond,coral_dawn,YatraOne-Regular.ttf,top,ashok-ke-phul-hajari-prasad-dvivedi-saransh.jpg
ahinsa-pratishtha-aacharya-chaturasen-shastri-saransh,अहिंसा प्रतिष्ठा,आचार्य चतुरसेन शास्त्री,उपन्यास,lotus_pond,forest_fog,Hind-Bold.ttf,band,ahinsa-pratishtha-aacharya-chaturasen-shastri-saransh.jpg
aankh-men-antaral-ramesh-chandra-shah-saransh,आँख में अंतराल,रमेश चंद्र शाह,कविता,sufi_stars,sandstone,RozhaOne-Regular.ttf,band,aankh-men-antaral-ramesh-chandra-shah-saransh.jpg
aansu-jayashankar-prasad-saransh,आँसू,जयशंकर प्रसाद,कविता,minimal_wave,plum_twilight,YatraOne-Regular.ttf,top,aansu-jayashankar-prasad-saransh.jpg
aakashadip-jayashankar-prasad-saransh,आकाशदीप,जयशंकर प्रसाद,उपन्यास,wheat_noon,sepia_archive,Hind-Bold.ttf,topleft,aakashadip-jayashankar-prasad-saransh.jpg
aagami-atit-kamaleshvar-saransh,आगामी अतीत,कमलेश्वर,उपन्यास,minimal_wave,navy_gold,Khand-Bold.ttf,topleft,aagami-atit-kamaleshvar-saransh.jpg
aatmakatha-javaharalal-neharu-saransh,आत्मकथा,जवाहरलाल नेहरू,आत्मकथा,moon_river,saffron_temple,YatraOne-Regular.ttf,band,aatmakatha-javaharalal-neharu-saransh.jpg
aatmanepad-agyey-saransh,आत्मनेपद,अज्ञेय,निबंध,sufi_stars,copper_rust,RozhaOne-Regular.ttf,framed,aatmanepad-agyey-saransh.jpg
aatmiyata-harivansh-ray-bachchan-saransh,आत्मीयता,हरिवंश राय बच्चन,कविता,block_print,monsoon_teal,RozhaOne-Regular.ttf,top,aatmiyata-harivansh-ray-bachchan-saransh.jpg
aadikalin-hindi-sahitya-ramavilas-sharma-saransh,आदिकालीन हिंदी साहित्य,रामविलास शर्मा,आलोचना,minimal_wave,olive_khadi,TiroDevanagariHindi-Regular.ttf,bottom,aadikalin-hindi-sahitya-ramavilas-sharma-saransh.jpg
aadhi-sadi-madhav-nagada-saransh,आधी सदी,माधव नागदा,उपन्यास,wheat_noon,sandstone,Hind-Bold.ttf,topleft,aadhi-sadi-madhav-nagada-saransh.jpg
aadhe-adhure-mohan-rakesh-saransh,आधे अधूरे,मोहन राकेश,नाटक,minimal_wave,sepia_archive,RozhaOne-Regular.ttf,top,aadhe-adhure-mohan-rakesh-saransh.jpg
aapaka-banti-mannu-bhandari-saransh,आपका बंटी,मन्नू भंडारी,उपन्यास,deco_city,ice_pale,Hind-Bold.ttf,top,aapaka-banti-mannu-bhandari-saransh.jpg
aaranbh-harivansh-ray-bachchan-saransh,आरंभ,हरिवंश राय बच्चन,कविता,diya_night,navy_gold,YatraOne-Regular.ttf,top,aaranbh-harivansh-ray-bachchan-saransh.jpg
aaranyak-bibhutibhushan-bandyopadhyay-saransh,आरण्यक,बिभूतिभूषण बंद्योपाध्याय,उपन्यास,block_print,rose_madder,Khand-Bold.ttf,topleft,aaranyak-bibhutibhushan-bandyopadhyay-saransh.jpg
aalok-parva-hajari-prasad-dvivedi-saransh,आलोक-पर्व,हजारी प्रसाद द्विवेदी,निबंध,mist_mountains,ice_pale,RozhaOne-Regular.ttf,top,aalok-parva-hajari-prasad-dvivedi-saransh.jpg
aashadha-ka-ek-din-mohan-rakesh-saransh,आषाढ़ का एक दिन,मोहन राकेश,नाटक,wheat_noon,mustard_village,YatraOne-Regular.ttf,bottom,aashadha-ka-ek-din-mohan-rakesh-saransh.jpg
aasakti-gyanaranjan-saransh,आसक्ति,ज्ञानरंजन,उपन्यास,mist_mountains,dusty_pink,Hind-Bold.ttf,band,aasakti-gyanaranjan-saransh.jpg
aahvan-agyey-saransh,आह्वान,अज्ञेय,निबंध,monsoon_tree,ocean_deep,RozhaOne-Regular.ttf,band,aahvan-agyey-saransh.jpg
insan-ke-khandahar-yashapal-saransh,इंसान के खंडहर,यशपाल,उपन्यास,dawn_village,marigold,RozhaOne-Regular.ttf,band,insan-ke-khandahar-yashapal-saransh.jpg
idanmam-maitreyi-pushpa-saransh,इदन्मम,मैत्रेयी पुष्पा,उपन्यास,ink_brush,navy_gold,RozhaOne-Regular.ttf,framed,idanmam-maitreyi-pushpa-saransh.jpg
indradhanush-raunde-the-agyey-saransh,इन्द्रधनुष रौंदे थे,अज्ञेय,कविता,ember_pyre,burnt_umber,Martel-Bold.ttf,topleft,indradhanush-raunde-the-agyey-saransh.jpg
iravati-jayashankar-prasad-saransh,इरावती,जयशंकर प्रसाद,उपन्यास,dawn_village,peacock_blue,Khand-Bold.ttf,top,iravati-jayashankar-prasad-saransh.jpg
is-kshn-agyey-saransh,इस क्षण,अज्ञेय,कविता,warli_folk,sepia_archive,YatraOne-Regular.ttf,bottom,is-kshn-agyey-saransh.jpg
idagah-munshi-premachand-saransh,ईदगाह,मुंशी प्रेमचंद,कहानी,moon_river,slate_rain,YatraOne-Regular.ttf,topleft,idagah-munshi-premachand-saransh.jpg
urvashi-ramadhari-sinh-dinakar-saransh,उर्वशी,रामधारी सिंह दिनकर,महाकाव्य,lotus_pond,saffron_temple,Khand-Bold.ttf,framed,urvashi-ramadhari-sinh-dinakar-saransh.jpg
ek-kahani-yah-bhi-alaka-saravagi-saransh,एक कहानी यह भी,अलका सरावगी,उपन्यास,monsoon_tree,charcoal_ember,RozhaOne-Regular.ttf,bottom,ek-kahani-yah-bhi-alaka-saravagi-saransh.jpg
ek-gali-lanbi-si-krishna-chandar-saransh,एक गली लंबी सी,कृष्ण चंदर,उपन्यास,warli_folk,coral_dawn,RozhaOne-Regular.ttf,bottom,ek-gali-lanbi-si-krishna-chandar-saransh.jpg
ek-chadar-maili-si-rajindar-sinh-bedi-saransh,एक चादर मैली सी,राजिंदर सिंह बेदी,उपन्यास,warli_folk,saffron_temple,Hind-Bold.ttf,top,ek-chadar-maili-si-rajindar-sinh-bedi-saransh.jpg
ek-chithadaa-sukh-nirmal-varma-saransh,एक चिथड़ा सुख,निर्मल वर्मा,कहानी संग्रह,ink_brush,slate_rain,Khand-Bold.ttf,top,ek-chithadaa-sukh-nirmal-varma-saransh.jpg
ek-duniya-samanantar-rajendra-yadav-saransh,एक दुनिया समानांतर,राजेंद्र यादव,उपन्यास,moon_river,wine_cellar,Khand-Bold.ttf,topleft,ek-duniya-samanantar-rajendra-yadav-saransh.jpg
ek-plet-sailab-mannu-bhandari-saransh,एक प्लेट सैलाब,मन्नू भंडारी,कहानी संग्रह,minimal_wave,jade_museum,RozhaOne-Regular.ttf,top,ek-plet-sailab-mannu-bhandari-saransh.jpg
ek-sadaak-sattavan-galiyan-kamaleshvar-saransh,एक सड़क सत्तावन गलियाँ,कमलेश्वर,उपन्यास,ember_pyre,forest_fog,YatraOne-Regular.ttf,bottom,ek-sadaak-sattavan-galiyan-kamaleshvar-saransh.jpg
ai-ladaaki-krishna-sobati-saransh,ऐ लड़की,कृष्णा सोबती,उपन्यास,monsoon_tree,indigo_gold,YatraOne-Regular.ttf,topleft,ai-ladaaki-krishna-sobati-saransh.jpg
kankal-jayashankar-prasad-saransh,कंकाल,जयशंकर प्रसाद,उपन्यास,ink_brush,ice_pale,YatraOne-Regular.ttf,topleft,kankal-jayashankar-prasad-saransh.jpg
kantak-har-harivansh-ray-bachchan-saransh,कंटक हार,हरिवंश राय बच्चन,कविता,dawn_village,royal_plum,RozhaOne-Regular.ttf,bottom,kantak-har-harivansh-ray-bachchan-saransh.jpg
kaphaan-munshi-premachand-saransh,कफ़न,मुंशी प्रेमचंद,कहानी,deco_city,wine_cellar,Khand-Bold.ttf,bottom,kaphaan-munshi-premachand-saransh.jpg
kabir-hajari-prasad-dvivedi-saransh,कबीर,हजारी प्रसाद द्विवेदी,जीवनी,jharokha_arch,coral_dawn,Hind-Bold.ttf,topleft,kabir-hajari-prasad-dvivedi-saransh.jpg
kamaleshvar-ki-dayari-giriraj-kishor-saransh,कमलेश्वर की डायरी,गिरिराज किशोर,जीवनी,wheat_noon,olive_khadi,YatraOne-Regular.ttf,bottom,kamaleshvar-ki-dayari-giriraj-kishor-saransh.jpg
karmabhumi-munshi-premachand-saransh,कर्मभूमि,मुंशी प्रेमचंद,उपन्यास,warli_folk,olive_khadi,Hind-Bold.ttf,top,karmabhumi-munshi-premachand-saransh.jpg
kalikatha-vaya-baipas-alaka-saravagi-saransh,कलिकथा वाया बाईपास,अलका सरावगी,उपन्यास,ink_brush,ivory_mint,Martel-Bold.ttf,top,kalikatha-vaya-baipas-alaka-saravagi-saransh.jpg
kavita-ke-nae-pratiman-namavar-sinh-saransh,कविता के नए प्रतिमान,नामवर सिंह,आलोचना,mist_mountains,peacock_blue,Khand-Bold.ttf,top,kavita-ke-nae-pratiman-namavar-sinh-saransh.jpg
kavita-kya-hai-aacharya-ramachandra-shukla-saransh,कविता क्या है,आचार्य रामचंद्र शुक्ल,आलोचना,ember_pyre,royal_plum,YatraOne-Regular.ttf,band,kavita-kya-hai-aacharya-ramachandra-shukla-saransh.jpg
kanch-ravindranath-thakur-saransh,काँच,रवींद्रनाथ ठाकुर,कहानी,ember_pyre,coral_dawn,YatraOne-Regular.ttf,topleft,kanch-ravindranath-thakur-saransh.jpg
kabulivala-ravindranath-thakur-saransh,काबुलीवाला,रवींद्रनाथ ठाकुर,कहानी,block_print,emerald_court,Hind-Bold.ttf,top,kabulivala-ravindranath-thakur-saransh.jpg
kamayani-jayashankar-prasad-saransh,कामायनी,जयशंकर प्रसाद,महाकाव्य,dawn_village,charcoal_ember,TiroDevanagariHindi-Regular.ttf,top,kamayani-jayashankar-prasad-saransh.jpg
kayakalpa-munshi-premachand-saransh,कायाकल्प,मुंशी प्रेमचंद,उपन्यास,monsoon_tree,coral_dawn,YatraOne-Regular.ttf,bottom,kayakalpa-munshi-premachand-saransh.jpg
kalajayi-nand-kishor-aacharya-saransh,कालजयी,नंद किशोर आचार्य,उपन्यास,wheat_noon,burnt_umber,Khand-Bold.ttf,bottom,kalajayi-nand-kishor-aacharya-saransh.jpg
kala-van-bhishma-sahani-saransh,काला वन,भीष्म साहनी,उपन्यास,dawn_village,rose_madder,YatraOne-Regular.ttf,bottom,kala-van-bhishma-sahani-saransh.jpg
kasturi-kundal-maitreyi-pushpa-saransh,कास्तूरी कुंडल,मैत्रेयी पुष्पा,उपन्यास,wheat_noon,indigo_gold,RozhaOne-Regular.ttf,top,kasturi-kundal-maitreyi-pushpa-saransh.jpg
kitane-chaurahe-kamaleshvar-saransh,कितने चौराहे,कमलेश्वर,उपन्यास,jharokha_arch,sepia_archive,RozhaOne-Regular.ttf,top,kitane-chaurahe-kamaleshvar-saransh.jpg
kutaj-hajari-prasad-dvivedi-saransh,कुटज,हजारी प्रसाद द्विवेदी,निबंध,mist_mountains,olive_khadi,Khand-Bold.ttf,top,kutaj-hajari-prasad-dvivedi-saransh.jpg
krishnakali-shivani-saransh,कृष्णकली,शिवानी,उपन्यास,sufi_stars,wine_cellar,YatraOne-Regular.ttf,topleft,krishnakali-shivani-saransh.jpg
kothari-se-bahar-abdul-bismillah-saransh,कोठरी से बाहर,अब्दुल बिस्मिल्लाह,उपन्यास,lotus_pond,royal_plum,Hind-Bold.ttf,top,kothari-se-bahar-abdul-bismillah-saransh.jpg
koyala-aur-kavita-ramadhari-sinh-dinakar-saransh,कोयला और कविता,रामधारी सिंह दिनकर,निबंध,mist_mountains,basant_spring,Hind-Bold.ttf,top,koyala-aur-kavita-ramadhari-sinh-dinakar-saransh.jpg
kshudhit-pashan-ravindranath-thakur-saransh,क्षुधित पाषाण,रवींद्रनाथ ठाकुर,कहानी,minimal_wave,dusty_pink,Khand-Bold.ttf,top,kshudhit-pashan-ravindranath-thakur-saransh.jpg
gaddar-krishna-chandar-saransh,गद्दार,कृष्ण चंदर,उपन्यास,ink_brush,copper_rust,Hind-Bold.ttf,bottom,gaddar-krishna-chandar-saransh.jpg
gaban-munshi-premachand-saransh,गबन,मुंशी प्रेमचंद,उपन्यास,block_print,slate_rain,Hind-Bold.ttf,top,gaban-munshi-premachand-saransh.jpg
gitanjali-ravindranath-thakur-saransh,गीतांजलि,रवींद्रनाथ ठाकुर,कविता,warli_folk,plum_twilight,RozhaOne-Regular.ttf,top,gitanjali-ravindranath-thakur-saransh.jpg
gitavali-tulasidas-saransh,गीतावली,तुलसीदास,भक्ति काव्य,jharokha_arch,emerald_court,Hind-Bold.ttf,band,gitavali-tulasidas-saransh.jpg
gitika-suryakant-tripathi-nirala-saransh,गीतिका,सूर्यकांत त्रिपाठी निराला,कविता,lotus_pond,burnt_umber,Martel-Bold.ttf,top,gitika-suryakant-tripathi-nirala-saransh.jpg
guaa-maitreyi-pushpa-saransh,गुआ,मैत्रेयी पुष्पा,उपन्यास,lotus_pond,emerald_court,TiroDevanagariHindi-Regular.ttf,topleft,guaa-maitreyi-pushpa-saransh.jpg
gujarat-yahan-se-krishna-sobati-saransh,गुजरात यहाँ से,कृष्णा सोबती,यात्रा वृत्तांत,lotus_pond,terracotta_dusk,Hind-Bold.ttf,topleft,gujarat-yahan-se-krishna-sobati-saransh.jpg
gunahon-ka-devata-dharmavir-bharati-saransh,गुनाहों का देवता,धर्मवीर भारती,उपन्यास,ink_brush,plum_twilight,YatraOne-Regular.ttf,framed,gunahon-ka-devata-dharmavir-bharati-saransh.jpg
grih-pravesh-ravindranath-thakur-saransh,गृह प्रवेश,रवींद्रनाथ ठाकुर,कहानी,ink_brush,ocean_deep,YatraOne-Regular.ttf,top,grih-pravesh-ravindranath-thakur-saransh.jpg
godan-munshi-premachand-saransh,गोदान,मुंशी प्रेमचंद,उपन्यास,ink_brush,jade_museum,YatraOne-Regular.ttf,framed,godan-munshi-premachand-saransh.jpg
gora-ravindranath-thakur-saransh,गोरा,रवींद्रनाथ ठाकुर,उपन्यास,ember_pyre,marigold,RozhaOne-Regular.ttf,framed,gora-ravindranath-thakur-saransh.jpg
granthi-sumitranandan-pant-saransh,ग्रंथि,सुमित्रानंदन पंत,कविता,deco_city,plum_twilight,TiroDevanagariHindi-Regular.ttf,top,granthi-sumitranandan-pant-saransh.jpg
gramya-sumitranandan-pant-saransh,ग्राम्या,सुमित्रानंदन पंत,कविता,dawn_village,plum_twilight,YatraOne-Regular.ttf,topleft,gramya-sumitranandan-pant-saransh.jpg
ghare-baire-ravindranath-thakur-saransh,घरे-बाइरे,रवींद्रनाथ ठाकुर,उपन्यास,moon_river,ocean_deep,Martel-Bold.ttf,bottom,ghare-baire-ravindranath-thakur-saransh.jpg
ghudaadauda-munshi-premachand-saransh,घुड़दौड़,मुंशी प्रेमचंद,कहानी,wheat_noon,saffron_temple,Khand-Bold.ttf,top,ghudaadauda-munshi-premachand-saransh.jpg
ghere-ke-bahar-yashapal-saransh,घेरे के बाहर,यशपाल,उपन्यास,monsoon_tree,copper_rust,Hind-Bold.ttf,top,ghere-ke-bahar-yashapal-saransh.jpg
chaturi-chamar-suryakant-tripathi-nirala-saransh,चतुरी चमार,सूर्यकांत त्रिपाठी निराला,कहानी,minimal_wave,terracotta_dusk,Khand-Bold.ttf,top,chaturi-chamar-suryakant-tripathi-nirala-saransh.jpg
chandragupta-jayashankar-prasad-saransh,चन्द्रगुप्त,जयशंकर प्रसाद,नाटक,sufi_stars,sindoor_crimson,YatraOne-Regular.ttf,top,chandragupta-jayashankar-prasad-saransh.jpg
chandravali-bharatendu-harishchandra-saransh,चन्द्रावली,भारतेंदु हरिश्चंद्र,नाटक,mist_mountains,navy_gold,Khand-Bold.ttf,bottom,chandravali-bharatendu-harishchandra-saransh.jpg
charitrhin-sharatachandra-chattopadhyay-saransh,चरित्रहीन,शरतचंद्र चट्टोपाध्याय,उपन्यास,ember_pyre,saffron_temple,YatraOne-Regular.ttf,top,charitrhin-sharatachandra-chattopadhyay-saransh.jpg
charuchandralekh-hajari-prasad-dvivedi-saransh,चरुचन्द्रलेख,हजारी प्रसाद द्विवेदी,उपन्यास,wheat_noon,sindoor_crimson,Khand-Bold.ttf,bottom,charuchandralekh-hajari-prasad-dvivedi-saransh.jpg
chand-gali-ke-asagar-vajahat-saransh,चाँद गली के,असगर वजाहत,उपन्यास,deco_city,royal_plum,Martel-Bold.ttf,band,chand-gali-ke-asagar-vajahat-saransh.jpg
char-adhyay-ravindranath-thakur-saransh,चार अध्याय,रवींद्रनाथ ठाकुर,उपन्यास,sufi_stars,burnt_umber,TiroDevanagariHindi-Regular.ttf,top,char-adhyay-ravindranath-thakur-saransh.jpg
chintamani-bhag-1-aacharya-ramachandra-shukla-saransh,चिंतामणि भाग 1,आचार्य रामचंद्र शुक्ल,निबंध,sufi_stars,emerald_court,Hind-Bold.ttf,bottom,chintamani-bhag-1-aacharya-ramachandra-shukla-saransh.jpg
chitrlekha-bhagavati-charan-varma-saransh,चित्रलेखा,भगवती चरण वर्मा,उपन्यास,mist_mountains,rose_madder,YatraOne-Regular.ttf,bottom,chitrlekha-bhagavati-charan-varma-saransh.jpg
chidambara-sumitranandan-pant-saransh,चिदम्बरा,सुमित्रानंदन पंत,कविता,diya_night,black_gold_deco,Hind-Bold.ttf,top,chidambara-sumitranandan-pant-saransh.jpg
chhathavan-moracha-nand-kishor-aacharya-saransh,छठवाँ मोरचा,नंद किशोर आचार्य,उपन्यास,monsoon_tree,monsoon_teal,TiroDevanagariHindi-Regular.ttf,top,chhathavan-moracha-nand-kishor-aacharya-saransh.jpg
chhayavad-namavar-sinh-saransh,छायावाद,नामवर सिंह,आलोचना,minimal_wave,forest_fog,TiroDevanagariHindi-Regular.ttf,top,chhayavad-namavar-sinh-saransh.jpg
chhaimi-shivani-saransh,छैमी,शिवानी,उपन्यास,minimal_wave,rose_madder,Martel-Bold.ttf,top,chhaimi-shivani-saransh.jpg
chhoti-ki-pakada-suryakant-tripathi-nirala-saransh,छोटी की पकड़,सूर्यकांत त्रिपाठी निराला,कहानी,jharokha_arch,burnt_umber,RozhaOne-Regular.ttf,band,chhoti-ki-pakada-suryakant-tripathi-nirala-saransh.jpg
jagannath-sinh-suryakant-tripathi-nirala-saransh,जगन्नाथ सिंह,सूर्यकांत त्रिपाठी निराला,कहानी,ink_brush,emerald_court,Hind-Bold.ttf,bottom,jagannath-sinh-suryakant-tripathi-nirala-saransh.jpg
jab-khet-jage-krishna-chandar-saransh,जब खेत जागे,कृष्ण चंदर,उपन्यास,moon_river,monsoon_teal,RozhaOne-Regular.ttf,band,jab-khet-jage-krishna-chandar-saransh.jpg
jaindaginama-krishna-sobati-saransh,ज़िंदगीनामा,कृष्णा सोबती,उपन्यास,dawn_village,sepia_archive,Hind-Bold.ttf,framed,jaindaginama-krishna-sobati-saransh.jpg
julus-phanishvar-nath-renu-saransh,जुलूस,फणीश्वर नाथ रेणु,उपन्यास,lotus_pond,dusty_pink,TiroDevanagariHindi-Regular.ttf,band,julus-phanishvar-nath-renu-saransh.jpg
jhansi-ki-rani-vrindavan-lal-varma-saransh,झाँसी की रानी,वृंदावन लाल वर्मा,ऐतिहासिक उपन्यास,minimal_wave,sindoor_crimson,Hind-Bold.ttf,framed,jhansi-ki-rani-vrindavan-lal-varma-saransh.jpg
jhini-jhini-bini-chadariya-abdul-bismillah-saransh,झीनी-झीनी बीनी चदरिया,अब्दुल बिस्मिल्लाह,उपन्यास,moon_river,sepia_archive,RozhaOne-Regular.ttf,framed,jhini-jhini-bini-chadariya-abdul-bismillah-saransh.jpg
tuta-huaa-ghonsala-ravindranath-thakur-saransh,टूटा हुआ घोंसला,रवींद्रनाथ ठाकुर,कहानी,diya_night,peacock_blue,YatraOne-Regular.ttf,top,tuta-huaa-ghonsala-ravindranath-thakur-saransh.jpg
tedhae-medhae-raste-bhagavati-charan-varma-saransh,टेढ़े-मेढ़े रास्ते,भगवती चरण वर्मा,सामाजिक उपन्यास,lotus_pond,charcoal_ember,Hind-Bold.ttf,top,tedhae-medhae-raste-bhagavati-charan-varma-saransh.jpg
thanda-loha-dharmavir-bharati-saransh,ठंडा लोहा,धर्मवीर भारती,उपन्यास,minimal_wave,emerald_court,YatraOne-Regular.ttf,top,thanda-loha-dharmavir-bharati-saransh.jpg
dakaghar-ravindranath-thakur-saransh,डाकघर,रवींद्रनाथ ठाकुर,नाटक,jharokha_arch,rose_madder,Hind-Bold.ttf,bottom,dakaghar-ravindranath-thakur-saransh.jpg
dakabangala-kamaleshvar-saransh,डाकबंगला,कमलेश्वर,उपन्यास,ember_pyre,ocean_deep,Khand-Bold.ttf,topleft,dakabangala-kamaleshvar-saransh.jpg
daktar-chavala-krishna-chandar-saransh,डॉक्टर चावला,कृष्ण चंदर,उपन्यास,wheat_noon,forest_fog,Hind-Bold.ttf,bottom,daktar-chavala-krishna-chandar-saransh.jpg
dhai-ghar-giriraj-kishor-saransh,ढाई घर,गिरिराज किशोर,उपन्यास,ember_pyre,wine_cellar,YatraOne-Regular.ttf,top,dhai-ghar-giriraj-kishor-saransh.jpg
dhai-ghar-nirmal-varma-saransh,ढाई घर,निर्मल वर्मा,उपन्यास,monsoon_tree,ivory_mint,Martel-Bold.ttf,top,dhai-ghar-nirmal-varma-saransh.jpg
tamas-bhishma-sahani-saransh,तमस,भीष्म साहनी,उपन्यास,diya_night,sindoor_crimson,Martel-Bold.ttf,band,tamas-bhishma-sahani-saransh.jpg
tar-saptak-vibhinna-kavi-saransh,तार सप्तक,विभिन्न कवि,कविता संग्रह,ink_brush,marigold,RozhaOne-Regular.ttf,bottom,tar-saptak-vibhinna-kavi-saransh.jpg
titali-jayashankar-prasad-saransh,तितली,जयशंकर प्रसाद,उपन्यास,mist_mountains,slate_rain,Hind-Bold.ttf,top,titali-jayashankar-prasad-saransh.jpg
tibbat-men-sava-sal-rahul-sankrityayan-saransh,तिब्बत में सवा साल,राहुल सांकृत्यायन,यात्रा वृत्तांत,jharokha_arch,marigold,Martel-Bold.ttf,top,tibbat-men-sava-sal-rahul-sankrityayan-saransh.jpg
tirichh-uday-prakash-saransh,तिरिछ,उदय प्रकाश,उपन्यास,deco_city,black_gold_deco,Martel-Bold.ttf,band,tirichh-uday-prakash-saransh.jpg
tisara-saptak-vibhinna-kavi-saransh,तीसरा सप्तक,विभिन्न कवि,कविता संग्रह,block_print,wine_cellar,Hind-Bold.ttf,band,tisara-saptak-vibhinna-kavi-saransh.jpg
tisari-kasam-phanishvar-nath-renu-saransh,तीसरी कसम,फणीश्वर नाथ रेणु,उपन्यास,wheat_noon,plum_twilight,TiroDevanagariHindi-Regular.ttf,band,tisari-kasam-phanishvar-nath-renu-saransh.jpg
tyagaptra-jainendra-kumar-saransh,त्यागपत्र,जैनेंद्र कुमार,मनोवैज्ञानिक उपन्यास,dawn_village,indigo_gold,TiroDevanagariHindi-Regular.ttf,bottom,tyagaptra-jainendra-kumar-saransh.jpg
triveni-shivani-saransh,त्रिवेणी,शिवानी,उपन्यास,ember_pyre,ivory_mint,Martel-Bold.ttf,top,triveni-shivani-saransh.jpg
trishanku-agyey-saransh,त्रिशंकु,अज्ञेय,निबंध,wheat_noon,copper_rust,Martel-Bold.ttf,top,trishanku-agyey-saransh.jpg
trishanku-mannu-bhandari-saransh,त्रिशंकु,मन्नू भंडारी,उपन्यास,jharokha_arch,sindoor_crimson,Khand-Bold.ttf,top,trishanku-mannu-bhandari-saransh.jpg
dar-se-bichhudai-krishna-sobati-saransh,दर से बिछुड़ी,कृष्णा सोबती,उपन्यास,jharokha_arch,dusty_pink,Martel-Bold.ttf,framed,dar-se-bichhudai-krishna-sobati-saransh.jpg
das-dvar-harivansh-ray-bachchan-saransh,दस द्वार,हरिवंश राय बच्चन,आत्मकथा,deco_city,ocean_deep,TiroDevanagariHindi-Regular.ttf,top,das-dvar-harivansh-ray-bachchan-saransh.jpg
dada-kamared-yashapal-saransh,दादा-कॉमरेड,यशपाल,उपन्यास,dawn_village,mustard_village,Khand-Bold.ttf,bottom,dada-kamared-yashapal-saransh.jpg
dil-o-danish-krishna-sobati-saransh,दिल-ओ-दानीश,कृष्णा सोबती,उपन्यास,dawn_village,sindoor_crimson,Khand-Bold.ttf,top,dil-o-danish-krishna-sobati-saransh.jpg
divya-yashapal-saransh,दिव्या,यशपाल,उपन्यास,lotus_pond,navy_gold,YatraOne-Regular.ttf,topleft,divya-yashapal-saransh.jpg
dusara-saptak-vibhinna-kavi-saransh,दूसरा सप्तक,विभिन्न कवि,कविता संग्रह,lotus_pond,ocean_deep,TiroDevanagariHindi-Regular.ttf,top,dusara-saptak-vibhinna-kavi-saransh.jpg
dusari-paranpara-ki-khoj-namavar-sinh-saransh,दूसरी परंपरा की खोज,नामवर सिंह,आलोचना,monsoon_tree,marigold,YatraOne-Regular.ttf,band,dusari-paranpara-ki-khoj-namavar-sinh-saransh.jpg
devadas-sharatachandra-chattopadhyay-saransh,देवदास,शरतचंद्र चट्टोपाध्याय,उपन्यास,deco_city,coral_dawn,Martel-Bold.ttf,bottom,devadas-sharatachandra-chattopadhyay-saransh.jpg
devaron-tak-pahunchana-vinod-kumar-shukla-saransh,देवारों तक पहुँचना,विनोद कुमार शुक्ल,उपन्यास,sufi_stars,peacock_blue,TiroDevanagariHindi-Regular.ttf,bottom,devaron-tak-pahunchana-vinod-kumar-shukla-saransh.jpg
do-kadam-sharat-kumar-saransh,दो कदम,शरत कुमार,उपन्यास,block_print,burnt_umber,Hind-Bold.ttf,bottom,do-kadam-sharat-kumar-saransh.jpg
do-bailon-ki-katha-munshi-premachand-saransh,दो बैलों की कथा,मुंशी प्रेमचंद,कहानी,deco_city,burnt_umber,Khand-Bold.ttf,top,do-bailon-ki-katha-munshi-premachand-saransh.jpg
dvandvagit-ramadhari-sinh-dinakar-saransh,द्वंद्वगीत,रामधारी सिंह दिनकर,कविता,mist_mountains,ocean_deep,TiroDevanagariHindi-Regular.ttf,top,dvandvagit-ramadhari-sinh-dinakar-saransh.jpg
dharati-ke-lal-krishna-chandar-saransh,धरती के लाल,कृष्ण चंदर,उपन्यास,warli_folk,royal_plum,TiroDevanagariHindi-Regular.ttf,top,dharati-ke-lal-krishna-chandar-saransh.jpg
dhumil-nagarjun-saransh,धूमिल,नागार्जुन,कविता,block_print,forest_fog,Khand-Bold.ttf,bottom,dhumil-nagarjun-saransh.jpg
dhruvasvamini-jayashankar-prasad-saransh,ध्रुवस्वामिनी,जयशंकर प्रसाद,नाटक,block_print,copper_rust,Martel-Bold.ttf,top,dhruvasvamini-jayashankar-prasad-saransh.jpg
nae-purane-jharokhe-harivansh-ray-bachchan-saransh,नए पुराने झरोखे,हरिवंश राय बच्चन,कविता,warli_folk,burnt_umber,RozhaOne-Regular.ttf,framed,nae-purane-jharokhe-harivansh-ray-bachchan-saransh.jpg
nadi-ke-dvip-agyey-saransh,नदी के द्वीप,अज्ञेय,कविता,dawn_village,olive_khadi,Martel-Bold.ttf,bottom,nadi-ke-dvip-agyey-saransh.jpg
namak-ka-daroga-munshi-premachand-saransh,नमक का दारोगा,मुंशी प्रेमचंद,कहानी,diya_night,terracotta_dusk,YatraOne-Regular.ttf,top,namak-ka-daroga-munshi-premachand-saransh.jpg
narakagami-sanjiv-saransh,नरकगामी,संजीव,उपन्यास,block_print,dusty_pink,RozhaOne-Regular.ttf,bottom,narakagami-sanjiv-saransh.jpg
nasha-munshi-premachand-saransh,नशा,मुंशी प्रेमचंद,कहानी संग्रह,jharokha_arch,copper_rust,Khand-Bold.ttf,bottom,nasha-munshi-premachand-saransh.jpg
naganath-kashinath-sinh-saransh,नागनाथ,काशीनाथ सिंह,उपन्यास,minimal_wave,burnt_umber,TiroDevanagariHindi-Regular.ttf,bottom,naganath-kashinath-sinh-saransh.jpg
nirmala-munshi-premachand-saransh,निर्मला,मुंशी प्रेमचंद,उपन्यास,ember_pyre,sandstone,Martel-Bold.ttf,top,nirmala-munshi-premachand-saransh.jpg
nida-nirman-phir-harivansh-ray-bachchan-saransh,नीड़ निर्माण फिर,हरिवंश राय बच्चन,कविता,monsoon_tree,plum_twilight,YatraOne-Regular.ttf,top,nida-nirman-phir-harivansh-ray-bachchan-saransh.jpg
niraja-mahadevi-varma-saransh,नीरजा,महादेवी वर्मा,कविता,mist_mountains,indigo_gold,Khand-Bold.ttf,top,niraja-mahadevi-varma-saransh.jpg
nil-devi-bharatendu-harishchandra-saransh,नील देवी,भारतेंदु हरिश्चंद्र,नाटक,ink_brush,dusty_pink,TiroDevanagariHindi-Regular.ttf,framed,nil-devi-bharatendu-harishchandra-saransh.jpg
nile-ghodae-ka-savar-bhishma-sahani-saransh,नीले घोड़े का सवार,भीष्म साहनी,नाटक,jharokha_arch,saffron_temple,Martel-Bold.ttf,topleft,nile-ghodae-ka-savar-bhishma-sahani-saransh.jpg
nihar-mahadevi-varma-saransh,नीहार,महादेवी वर्मा,कविता,jharokha_arch,royal_plum,TiroDevanagariHindi-Regular.ttf,top,nihar-mahadevi-varma-saransh.jpg
naukar-ki-kamija-vinod-kumar-shukla-saransh,नौकर की कमीज़,विनोद कुमार शुक्ल,उपन्यास,ink_brush,forest_fog,Martel-Bold.ttf,band,naukar-ki-kamija-vinod-kumar-shukla-saransh.jpg
panch-parameshvar-munshi-premachand-saransh,पंच परमेश्वर,मुंशी प्रेमचंद,कहानी,wheat_noon,slate_rain,Hind-Bold.ttf,bottom,panch-parameshvar-munshi-premachand-saransh.jpg
patthar-aur-kankar-hajari-prasad-dvivedi-saransh,पत्थर और कंकर,हजारी प्रसाद द्विवेदी,निबंध,minimal_wave,monsoon_teal,YatraOne-Regular.ttf,framed,patthar-aur-kankar-hajari-prasad-dvivedi-saransh.jpg
patrhin-nagna-gachh-nagarjun-saransh,पत्रहीन नग्न गाछ,नागार्जुन,कविता,sufi_stars,jade_museum,Khand-Bold.ttf,bottom,patrhin-nagna-gachh-nagarjun-saransh.jpg
path-ke-sathi-mahadevi-varma-saransh,पथ के साथी,महादेवी वर्मा,संस्मरण,warli_folk,monsoon_teal,YatraOne-Regular.ttf,bottom,path-ke-sathi-mahadevi-varma-saransh.jpg
pather-panchali-bibhutibhushan-bandyopadhyay-saransh,पथेर पाँचाली,बिभूतिभूषण बंद्योपाध्याय,उपन्यास,sufi_stars,olive_khadi,YatraOne-Regular.ttf,top,pather-panchali-bibhutibhushan-bandyopadhyay-saransh.jpg
parakh-jainendra-kumar-saransh,परख,जैनेंद्र कुमार,सामाजिक उपन्यास,mist_mountains,emerald_court,YatraOne-Regular.ttf,band,parakh-jainendra-kumar-saransh.jpg
parati-pariksha-phanishvar-nath-renu-saransh,परती परीक्षा,फणीश्वर नाथ रेणु,उपन्यास,wheat_noon,ivory_mint,Hind-Bold.ttf,top,parati-pariksha-phanishvar-nath-renu-saransh.jpg
parashuram-ki-pratiksha-ramadhari-sinh-dinakar-saransh,परशुराम की प्रतीक्षा,रामधारी सिंह दिनकर,महाकाव्य,block_print,plum_twilight,Hind-Bold.ttf,top,parashuram-ki-pratiksha-ramadhari-sinh-dinakar-saransh.jpg
parinde-nirmal-varma-saransh,परिंदे,निर्मल वर्मा,कहानी संग्रह,lotus_pond,indigo_gold,Martel-Bold.ttf,top,parinde-nirmal-varma-saransh.jpg
parinita-sharatachandra-chattopadhyay-saransh,परिणीता,शरतचंद्र चट्टोपाध्याय,उपन्यास,ember_pyre,terracotta_dusk,RozhaOne-Regular.ttf,top,parinita-sharatachandra-chattopadhyay-saransh.jpg
parimal-suryakant-tripathi-nirala-saransh,परिमल,सूर्यकांत त्रिपाठी निराला,कविता,monsoon_tree,sepia_archive,RozhaOne-Regular.ttf,framed,parimal-suryakant-tripathi-nirala-saransh.jpg
pallav-sumitranandan-pant-saransh,पल्लव,सुमित्रानंदन पंत,कविता,moon_river,black_gold_deco,RozhaOne-Regular.ttf,top,pallav-sumitranandan-pant-saransh.jpg
pahachan-mohan-rakesh-saransh,पहचान,मोहन राकेश,नाटक,ember_pyre,emerald_court,TiroDevanagariHindi-Regular.ttf,bottom,pahachan-mohan-rakesh-saransh.jpg
pahala-giramitiya-giriraj-kishor-saransh,पहला गिरमिटिया,गिरिराज किशोर,उपन्यास,sufi_stars,plum_twilight,RozhaOne-Regular.ttf,top,pahala-giramitiya-giriraj-kishor-saransh.jpg
pahala-path-bhishma-sahani-saransh,पहला पथ,भीष्म साहनी,नाटक,lotus_pond,jade_museum,Hind-Bold.ttf,topleft,pahala-path-bhishma-sahani-saransh.jpg
pahada-nadi-asagar-vajahat-saransh,पहाड़ नदी,असगर वजाहत,उपन्यास,deco_city,sindoor_crimson,Hind-Bold.ttf,bottom,pahada-nadi-asagar-vajahat-saransh.jpg
parti-kamared-yashapal-saransh,पार्टी कॉमरेड,यशपाल,उपन्यास,diya_night,sepia_archive,Hind-Bold.ttf,bottom,parti-kamared-yashapal-saransh.jpg
pili-chhatari-vali-ladaaki-uday-prakash-saransh,पीली छतरी वाली लड़की,उदय प्रकाश,कहानी संग्रह,ink_brush,terracotta_dusk,Khand-Bold.ttf,topleft,pili-chhatari-vali-ladaaki-uday-prakash-saransh.jpg
punarnava-hajari-prasad-dvivedi-saransh,पुनर्नवा,हजारी प्रसाद द्विवेदी,उपन्यास,warli_folk,sindoor_crimson,Khand-Bold.ttf,topleft,punarnava-hajari-prasad-dvivedi-saransh.jpg
pus-ki-rat-munshi-premachand-saransh,पूस की रात,मुंशी प्रेमचंद,कहानी,minimal_wave,basant_spring,Khand-Bold.ttf,top,pus-ki-rat-munshi-premachand-saransh.jpg
prithviraj-raso-chand-baradai-saransh,पृथ्वीराज रासो,चंद बरदाई,महाकाव्य,moon_river,royal_plum,YatraOne-Regular.ttf,topleft,prithviraj-raso-chand-baradai-saransh.jpg
pair-tale-ki-jaamin-mohan-rakesh-saransh,पैर तले की ज़मीन,मोहन राकेश,नाटक,ember_pyre,plum_twilight,YatraOne-Regular.ttf,framed,pair-tale-ki-jaamin-mohan-rakesh-saransh.jpg
pal-gomara-ka-prem-uday-prakash-saransh,पॉल गोमरा का प्रेम,उदय प्रकाश,उपन्यास,mist_mountains,terracotta_dusk,Martel-Bold.ttf,framed,pal-gomara-ka-prem-uday-prakash-saransh.jpg
postamastar-ravindranath-thakur-saransh,पोस्टमास्टर,रवींद्रनाथ ठाकुर,कहानी,jharokha_arch,ice_pale,Khand-Bold.ttf,bottom,postamastar-ravindranath-thakur-saransh.jpg
prabandh-pratibha-aacharya-ramachandra-shukla-saransh,प्रबंध-प्रतिभा,आचार्य रामचंद्र शुक्ल,निबंध,wheat_noon,terracotta_dusk,Martel-Bold.ttf,framed,prabandh-pratibha-aacharya-ramachandra-shukla-saransh.jpg
pret-aur-chhaya-rajendra-yadav-saransh,प्रेत और छाया,राजेंद्र यादव,उपन्यास,deco_city,jade_museum,YatraOne-Regular.ttf,top,pret-aur-chhaya-rajendra-yadav-saransh.jpg
premachand-ki-kala-ramavilas-sharma-saransh,प्रेमचंद की कला,रामविलास शर्मा,आलोचना,monsoon_tree,burnt_umber,TiroDevanagariHindi-Regular.ttf,bottom,premachand-ki-kala-ramavilas-sharma-saransh.jpg
prema-munshi-premachand-saransh,प्रेमा,मुंशी प्रेमचंद,उपन्यास,mist_mountains,sandstone,Hind-Bold.ttf,bottom,prema-munshi-premachand-saransh.jpg
phulon-ka-git-abdul-bismillah-saransh,फूलों का गीत,अब्दुल बिस्मिल्लाह,उपन्यास,ember_pyre,peacock_blue,Hind-Bold.ttf,top,phulon-ka-git-abdul-bismillah-saransh.jpg
band-kamara-niranjananath-saransh,बंद कमरा,निरंजननाथ,उपन्यास,block_print,sepia_archive,YatraOne-Regular.ttf,top,band-kamara-niranjananath-saransh.jpg
band-gali-ka-aakhairi-makan-dharmavir-bharati-saransh,बंद गली का आख़िरी मकान,धर्मवीर भारती,उपन्यास,mist_mountains,sindoor_crimson,TiroDevanagariHindi-Regular.ttf,top,band-gali-ka-aakhairi-makan-dharmavir-bharati-saransh.jpg
badae-ghar-ki-beti-munshi-premachand-saransh,बड़े घर की बेटी,मुंशी प्रेमचंद,कहानी,jharokha_arch,wine_cellar,Martel-Bold.ttf,top,badae-ghar-ki-beti-munshi-premachand-saransh.jpg
badae-bhai-sahab-munshi-premachand-saransh,बड़े भाई साहब,मुंशी प्रेमचंद,कहानी,diya_night,rose_madder,TiroDevanagariHindi-Regular.ttf,top,badae-bhai-sahab-munshi-premachand-saransh.jpg
badalon-ke-ghere-krishna-sobati-saransh,बदलों के घेरे,कृष्णा सोबती,उपन्यास,warli_folk,rose_madder,YatraOne-Regular.ttf,bottom,badalon-ke-ghere-krishna-sobati-saransh.jpg
balidan-ravindranath-thakur-saransh,बलिदान,रवींद्रनाथ ठाकुर,नाटक,block_print,sandstone,Hind-Bold.ttf,top,balidan-ravindranath-thakur-saransh.jpg
basanti-bhishma-sahani-saransh,बसंती,भीष्म साहनी,उपन्यास,lotus_pond,sepia_archive,Martel-Bold.ttf,topleft,basanti-bhishma-sahani-saransh.jpg
basere-se-dur-harivansh-ray-bachchan-saransh,बसेरे से दूर,हरिवंश राय बच्चन,कविता,monsoon_tree,jade_museum,RozhaOne-Regular.ttf,framed,basere-se-dur-harivansh-ray-bachchan-saransh.jpg
bahut-akele-sharat-kumar-saransh,बहुत अकेले,शरत कुमार,उपन्यास,ink_brush,peacock_blue,Martel-Bold.ttf,band,bahut-akele-sharat-kumar-saransh.jpg
banabhatta-ki-aatmakatha-hajari-prasad-dvivedi-saransh,बाणभट्ट की आत्मकथा,हजारी प्रसाद द्विवेदी,उपन्यास,diya_night,dusty_pink,RozhaOne-Regular.ttf,top,banabhatta-ki-aatmakatha-hajari-prasad-dvivedi-saransh.jpg
baba-pushpa-bharati-saransh,बाबा,पुष्पा भारती,उपन्यास,deco_city,dusty_pink,TiroDevanagariHindi-Regular.ttf,topleft,baba-pushpa-bharati-saransh.jpg
bikkhu-suryakant-tripathi-nirala-saransh,बिक्खू,सूर्यकांत त्रिपाठी निराला,कहानी,lotus_pond,marigold,Martel-Bold.ttf,top,bikkhu-suryakant-tripathi-nirala-saransh.jpg
billesur-bakariha-suryakant-tripathi-nirala-saransh,बिल्लेसुर बकरिहा,सूर्यकांत त्रिपाठी निराला,कहानी,diya_night,coral_dawn,YatraOne-Regular.ttf,band,billesur-bakariha-suryakant-tripathi-nirala-saransh.jpg
bisaramapur-ka-sant-shrilal-shukla-saransh,बिसरामपुर का संत,श्रीलाल शुक्ल,उपन्यास,ink_brush,royal_plum,Hind-Bold.ttf,top,bisaramapur-ka-sant-shrilal-shukla-saransh.jpg
bijak-kabir-saransh,बीजक,कबीर,काव्य,ember_pyre,slate_rain,Khand-Bold.ttf,topleft,bijak-kabir-saransh.jpg
budhai-kaki-munshi-premachand-saransh,बूढ़ी काकी,मुंशी प्रेमचंद,कहानी,block_print,saffron_temple,Martel-Bold.ttf,bottom,budhai-kaki-munshi-premachand-saransh.jpg
bharat-ki-khoj-javaharalal-neharu-saransh,भारत की खोज,जवाहरलाल नेहरू,इतिहास,monsoon_tree,royal_plum,RozhaOne-Regular.ttf,bottom,bharat-ki-khoj-javaharalal-neharu-saransh.jpg
bharat-durdasha-bharatendu-harishchandra-saransh,भारत दुर्दशा,भारतेंदु हरिश्चंद्र,नाटक,wheat_noon,ice_pale,TiroDevanagariHindi-Regular.ttf,band,bharat-durdasha-bharatendu-harishchandra-saransh.jpg
bhule-bisare-chitra-bhagavati-charan-varma-saransh,भूले बिसरे चित्र,भगवती चरण वर्मा,सामाजिक उपन्यास,minimal_wave,ice_pale,Martel-Bold.ttf,framed,bhule-bisare-chitra-bhagavati-charan-varma-saransh.jpg
bhairavi-shivani-saransh,भैरवी,शिवानी,उपन्यास,monsoon_tree,slate_rain,Hind-Bold.ttf,top,bhairavi-shivani-saransh.jpg
mantra-munshi-premachand-saransh,मंत्र,मुंशी प्रेमचंद,कहानी,moon_river,emerald_court,Khand-Bold.ttf,top,mantra-munshi-premachand-saransh.jpg
makan-shrilal-shukla-saransh,मकान,श्रीलाल शुक्ल,उपन्यास,deco_city,copper_rust,Hind-Bold.ttf,bottom,makan-shrilal-shukla-saransh.jpg
majaadur-munshi-premachand-saransh,मज़दूर,मुंशी प्रेमचंद,उपन्यास,mist_mountains,ivory_mint,YatraOne-Regular.ttf,top,majaadur-munshi-premachand-saransh.jpg
madhavi-bhishma-sahani-saransh,मधवी,भीष्म साहनी,नाटक,minimal_wave,black_gold_deco,YatraOne-Regular.ttf,framed,madhavi-bhishma-sahani-saransh.jpg
madhukalash-harivansh-ray-bachchan-saransh,मधुकलश,हरिवंश राय बच्चन,कविता,monsoon_tree,peacock_blue,YatraOne-Regular.ttf,top,madhukalash-harivansh-ray-bachchan-saransh.jpg
madhubala-harivansh-ray-bachchan-saransh,मधुबाला,हरिवंश राय बच्चन,कविता,warli_folk,forest_fog,Hind-Bold.ttf,top,madhubala-harivansh-ray-bachchan-saransh.jpg
madhushala-harivansh-ray-bachchan-saransh,मधुशाला,हरिवंश राय बच्चन,कविता,mist_mountains,monsoon_teal,YatraOne-Regular.ttf,top,madhushala-harivansh-ray-bachchan-saransh.jpg
madhushravan-harivansh-ray-bachchan-saransh,मधुश्रावण,हरिवंश राय बच्चन,कविता,dawn_village,navy_gold,Khand-Bold.ttf,framed,madhushravan-harivansh-ray-bachchan-saransh.jpg
madhya-eshiya-men-rahul-sankrityayan-saransh,मध्य एशिया में,राहुल सांकृत्यायन,यात्रा वृत्तांत,jharokha_arch,terracotta_dusk,TiroDevanagariHindi-Regular.ttf,top,madhya-eshiya-men-rahul-sankrityayan-saransh.jpg
manorama-shivani-saransh,मनोरमा,शिवानी,उपन्यास,warli_folk,basant_spring,TiroDevanagariHindi-Regular.ttf,top,manorama-shivani-saransh.jpg
mayapuri-shivani-saransh,मयापुरी,शिवानी,उपन्यास,diya_night,plum_twilight,TiroDevanagariHindi-Regular.ttf,bottom,mayapuri-shivani-saransh.jpg
marani-krishna-sobati-saransh,मरनी,कृष्णा सोबती,उपन्यास,lotus_pond,ice_pale,TiroDevanagariHindi-Regular.ttf,framed,marani-krishna-sobati-saransh.jpg
mahabhoj-mannu-bhandari-saransh,महाभोज,मन्नू भंडारी,उपन्यास,dawn_village,monsoon_teal,TiroDevanagariHindi-Regular.ttf,bottom,mahabhoj-mannu-bhandari-saransh.jpg
manasarovar-bhag-1-munshi-premachand-saransh,मानसरोवर भाग 1,मुंशी प्रेमचंद,कहानी संग्रह,dawn_village,burnt_umber,TiroDevanagariHindi-Regular.ttf,bottom,manasarovar-bhag-1-munshi-premachand-saransh.jpg
manasarovar-bhag-2-munshi-premachand-saransh,मानसरोवर भाग 2,मुंशी प्रेमचंद,कहानी संग्रह,moon_river,terracotta_dusk,RozhaOne-Regular.ttf,top,manasarovar-bhag-2-munshi-premachand-saransh.jpg
mayaram-surana-bhishma-sahani-saransh,मायाराम सुराना,भीष्म साहनी,उपन्यास,ink_brush,saffron_temple,TiroDevanagariHindi-Regular.ttf,top,mayaram-surana-bhishma-sahani-saransh.jpg
mitti-ki-or-ramadhari-sinh-dinakar-saransh,मिट्टी की ओर,रामधारी सिंह दिनकर,कविता,monsoon_tree,navy_gold,Khand-Bold.ttf,top,mitti-ki-or-ramadhari-sinh-dinakar-saransh.jpg
mitro-marajani-krishna-sobati-saransh,मित्रो मरजानी,कृष्णा सोबती,उपन्यास,sufi_stars,mustard_village,RozhaOne-Regular.ttf,bottom,mitro-marajani-krishna-sobati-saransh.jpg
mirabai-padavali-mirabai-saransh,मीराबाई पदावली,मीराबाई,भक्ति काव्य,mist_mountains,coral_dawn,TiroDevanagariHindi-Regular.ttf,top,mirabai-padavali-mirabai-saransh.jpg
muktadhara-ravindranath-thakur-saransh,मुक्तधारा,रवींद्रनाथ ठाकुर,नाटक,deco_city,saffron_temple,Khand-Bold.ttf,top,muktadhara-ravindranath-thakur-saransh.jpg
mera-parivar-mahadevi-varma-saransh,मेरा परिवार,महादेवी वर्मा,संस्मरण,minimal_wave,slate_rain,YatraOne-Regular.ttf,top,mera-parivar-mahadevi-varma-saransh.jpg
mainne-chand-dekha-hai-rajendra-yadav-saransh,मैंने चाँद देखा है,राजेंद्र यादव,उपन्यास,ember_pyre,sindoor_crimson,Khand-Bold.ttf,top,mainne-chand-dekha-hai-rajendra-yadav-saransh.jpg
maila-aanchal-phanishvar-nath-renu-saransh,मैला आँचल,फणीश्वर नाथ रेणु,उपन्यास,diya_night,wine_cellar,TiroDevanagariHindi-Regular.ttf,band,maila-aanchal-phanishvar-nath-renu-saransh.jpg
mohanadas-uday-prakash-saransh,मोहनदास,उदय प्रकाश,उपन्यास,ink_brush,coral_dawn,Khand-Bold.ttf,top,mohanadas-uday-prakash-saransh.jpg
yahi-sach-hai-mannu-bhandari-saransh,यही सच है,मन्नू भंडारी,उपन्यास,minimal_wave,marigold,Martel-Bold.ttf,band,yahi-sach-hai-mannu-bhandari-saransh.jpg
yama-mahadevi-varma-saransh-2,यामा,महादेवी वर्मा,कविता,sufi_stars,ice_pale,YatraOne-Regular.ttf,bottom,yama-mahadevi-varma-saransh-2.jpg
yaron-ke-yar-krishna-sobati-saransh,यारों के यार,कृष्णा सोबती,उपन्यास,diya_night,olive_khadi,Hind-Bold.ttf,bottom,yaron-ke-yar-krishna-sobati-saransh.jpg
yugavani-sumitranandan-pant-saransh,युगवाणी,सुमित्रानंदन पंत,कविता,sufi_stars,ocean_deep,TiroDevanagariHindi-Regular.ttf,topleft,yugavani-sumitranandan-pant-saransh.jpg
yugant-sumitranandan-pant-saransh,युगांत,सुमित्रानंदन पंत,कविता,sufi_stars,dusty_pink,YatraOne-Regular.ttf,framed,yugant-sumitranandan-pant-saransh.jpg
rangabhumi-munshi-premachand-saransh,रंगभूमि,मुंशी प्रेमचंद,उपन्यास,sufi_stars,royal_plum,YatraOne-Regular.ttf,top,rangabhumi-munshi-premachand-saransh.jpg
rangila-vinod-kumar-shukla-saransh,रंगीला,विनोद कुमार शुक्ल,उपन्यास,moon_river,plum_twilight,Martel-Bold.ttf,bottom,rangila-vinod-kumar-shukla-saransh.jpg
rakta-karabi-ravindranath-thakur-saransh,रक्त करबी,रवींद्रनाथ ठाकुर,नाटक,ember_pyre,sepia_archive,TiroDevanagariHindi-Regular.ttf,top,rakta-karabi-ravindranath-thakur-saransh.jpg
ratikanta-ka-baba-shivani-saransh,रतिकान्त का बाबा,शिवानी,उपन्यास,jharokha_arch,peacock_blue,RozhaOne-Regular.ttf,top,ratikanta-ka-baba-shivani-saransh.jpg
rashmi-mahadevi-varma-saransh,रश्मि,महादेवी वर्मा,कविता,jharokha_arch,ocean_deep,Hind-Bold.ttf,top,rashmi-mahadevi-varma-saransh.jpg
rashmirathi-ramadhari-sinh-dinakar-saransh,रश्मिरथी,रामधारी सिंह दिनकर,महाकाव्य,minimal_wave,copper_rust,YatraOne-Regular.ttf,bottom,rashmirathi-ramadhari-sinh-dinakar-saransh.jpg
ras-mimansa-aacharya-ramachandra-shukla-saransh,रस मीमांसा,आचार्य रामचंद्र शुक्ल,आलोचना,lotus_pond,ivory_mint,TiroDevanagariHindi-Regular.ttf,framed,ras-mimansa-aacharya-ramachandra-shukla-saransh.jpg
rag-darabari-shrilal-shukla-saransh,राग दरबारी,श्रीलाल शुक्ल,उपन्यास,sufi_stars,saffron_temple,TiroDevanagariHindi-Regular.ttf,top,rag-darabari-shrilal-shukla-saransh.jpg
rajayog-svami-vivekanand-saransh,राजयोग,स्वामी विवेकानंद,दर्शन,dawn_village,emerald_court,RozhaOne-Regular.ttf,bottom,rajayog-svami-vivekanand-saransh.jpg
raja-aur-rani-ravindranath-thakur-saransh,राजा और रानी,रवींद्रनाथ ठाकुर,नाटक,minimal_wave,coral_dawn,TiroDevanagariHindi-Regular.ttf,band,raja-aur-rani-ravindranath-thakur-saransh.jpg
ram-ki-shakti-puja-suryakant-tripathi-nirala-saransh,राम की शक्ति पूजा,सूर्यकांत त्रिपाठी निराला,महाकाव्य,sufi_stars,charcoal_ember,TiroDevanagariHindi-Regular.ttf,framed,ram-ki-shakti-puja-suryakant-tripathi-nirala-saransh.jpg
renuka-ramadhari-sinh-dinakar-saransh,रेणुका,रामधारी सिंह दिनकर,कविता,block_print,coral_dawn,RozhaOne-Regular.ttf,bottom,renuka-ramadhari-sinh-dinakar-saransh.jpg
ret-par-khema-kamaleshvar-saransh,रेत पर खेमा,कमलेश्वर,उपन्यास,jharokha_arch,olive_khadi,YatraOne-Regular.ttf,top,ret-par-khema-kamaleshvar-saransh.jpg
rehan-par-raghu-kashinath-sinh-saransh,रेहन पर रघु,काशीनाथ सिंह,उपन्यास,wheat_noon,dusty_pink,Khand-Bold.ttf,top,rehan-par-raghu-kashinath-sinh-saransh.jpg
laddakh-ki-yatra-rahul-sankrityayan-saransh,लद्दाख की यात्रा,राहुल सांकृत्यायन,यात्रा वृत्तांत,jharokha_arch,mustard_village,RozhaOne-Regular.ttf,top,laddakh-ki-yatra-rahul-sankrityayan-saransh.jpg
lahar-jayashankar-prasad-saransh,लहर,जयशंकर प्रसाद,कविता,jharokha_arch,sandstone,TiroDevanagariHindi-Regular.ttf,top,lahar-jayashankar-prasad-saransh.jpg
laharon-ke-rajahans-mohan-rakesh-saransh,लहरों के राजहंस,मोहन राकेश,नाटक,mist_mountains,black_gold_deco,Martel-Bold.ttf,topleft,laharon-ke-rajahans-mohan-rakesh-saransh.jpg
lal-tin-ki-chhat-nirmal-varma-saransh,लाल टीन की छत,निर्मल वर्मा,उपन्यास,ink_brush,charcoal_ember,YatraOne-Regular.ttf,band,lal-tin-ki-chhat-nirmal-varma-saransh.jpg
lal-pajani-sanjiv-saransh,लाल पजानी,संजीव,उपन्यास,block_print,ice_pale,Hind-Bold.ttf,top,lal-pajani-sanjiv-saransh.jpg
lal-haveli-shivani-saransh,लाल हवेली,शिवानी,उपन्यास,moon_river,coral_dawn,RozhaOne-Regular.ttf,top,lal-haveli-shivani-saransh.jpg
lokayatan-sumitranandan-pant-saransh,लोकायतन,सुमित्रानंदन पंत,कविता,minimal_wave,sandstone,TiroDevanagariHindi-Regular.ttf,bottom,lokayatan-sumitranandan-pant-saransh.jpg
vayan-rakshamah-rahul-sankrityayan-saransh,वयं रक्षामः,राहुल सांकृत्यायन,उपन्यास,moon_river,basant_spring,TiroDevanagariHindi-Regular.ttf,top,vayan-rakshamah-rahul-sankrityayan-saransh.jpg
varadan-munshi-premachand-saransh,वरदान,मुंशी प्रेमचंद,उपन्यास,minimal_wave,saffron_temple,Hind-Bold.ttf,band,varadan-munshi-premachand-saransh.jpg
vidrohi-yashapal-saransh,विद्रोही,यशपाल,उपन्यास,dawn_village,dusty_pink,Khand-Bold.ttf,top,vidrohi-yashapal-saransh.jpg
vinay-patrika-tulasidas-saransh,विनय पत्रिका,तुलसीदास,भक्ति काव्य,mist_mountains,sepia_archive,Khand-Bold.ttf,band,vinay-patrika-tulasidas-saransh.jpg
vinita-ramesh-chandra-shah-saransh,विनीता,रमेश चंद्र शाह,उपन्यास,jharokha_arch,plum_twilight,Hind-Bold.ttf,top,vinita-ramesh-chandra-shah-saransh.jpg
vishva-prem-munshi-premachand-saransh,विश्व प्रेम,मुंशी प्रेमचंद,कहानी,ink_brush,monsoon_teal,TiroDevanagariHindi-Regular.ttf,bottom,vishva-prem-munshi-premachand-saransh.jpg
visarjan-ravindranath-thakur-saransh,विसर्जन,रवींद्रनाथ ठाकुर,नाटक,sufi_stars,terracotta_dusk,RozhaOne-Regular.ttf,top,visarjan-ravindranath-thakur-saransh.jpg
vina-sumitranandan-pant-saransh,वीणा,सुमित्रानंदन पंत,कविता,dawn_village,wine_cellar,YatraOne-Regular.ttf,top,vina-sumitranandan-pant-saransh.jpg
ve-din-nirmal-varma-saransh,वे दिन,निर्मल वर्मा,उपन्यास,lotus_pond,wine_cellar,RozhaOne-Regular.ttf,bottom,ve-din-nirmal-varma-saransh.jpg
venuvan-ramadhari-sinh-dinakar-saransh,वेणुवन,रामधारी सिंह दिनकर,कविता,lotus_pond,black_gold_deco,Khand-Bold.ttf,top,venuvan-ramadhari-sinh-dinakar-saransh.jpg
vaishali-ki-nagaravadhu-aacharya-chaturasen-shastri-saransh,वैशाली की नगरवधू,आचार्य चतुरसेन शास्त्री,उपन्यास,minimal_wave,indigo_gold,RozhaOne-Regular.ttf,bottom,vaishali-ki-nagaravadhu-aacharya-chaturasen-shastri-saransh.jpg
varen-hestingsa-ka-ghodaa-uday-prakash-saransh,वॉरेन हेस्टिंग्स का घोड़ा,उदय प्रकाश,कहानी संग्रह,diya_night,indigo_gold,Martel-Bold.ttf,framed,varen-hestingsa-ka-ghodaa-uday-prakash-saransh.jpg
shataranj-ke-khiladai-munshi-premachand-saransh,शतरंज के खिलाड़ी,मुंशी प्रेमचंद,कहानी,wheat_noon,wine_cellar,Martel-Bold.ttf,bottom,shataranj-ke-khiladai-munshi-premachand-saransh.jpg
shabdon-ke-aalok-men-krishna-sobati-saransh,शब्दों के आलोक में,कृष्णा सोबती,निबंध,moon_river,forest_fog,Khand-Bold.ttf,topleft,shabdon-ke-aalok-men-krishna-sobati-saransh.jpg
sharanarthi-agyey-saransh,शरणार्थी,अज्ञेय,कहानी संग्रह,warli_folk,ice_pale,Hind-Bold.ttf,framed,sharanarthi-agyey-saransh.jpg
shikasta-krishna-chandar-saransh,शिकस्त,कृष्ण चंदर,उपन्यास,diya_night,royal_plum,YatraOne-Regular.ttf,bottom,shikasta-krishna-chandar-saransh.jpg
shekhar-ek-jivani-agyey-saransh,शेखर: एक जीवनी,अज्ञेय,उपन्यास,ember_pyre,jade_museum,YatraOne-Regular.ttf,band,shekhar-ek-jivani-agyey-saransh.jpg
shesh-kadanbari-alaka-saravagi-saransh,शेष कादंबरी,अलका सरावगी,उपन्यास,lotus_pond,copper_rust,Hind-Bold.ttf,top,shesh-kadanbari-alaka-saravagi-saransh.jpg
shrikant-sharatachandra-chattopadhyay-saransh,श्रीकांत,शरतचंद्र चट्टोपाध्याय,उपन्यास,minimal_wave,ivory_mint,TiroDevanagariHindi-Regular.ttf,band,shrikant-sharatachandra-chattopadhyay-saransh.jpg
sanbhrant-agyey-saransh,संभ्रांत,अज्ञेय,निबंध,dawn_village,basant_spring,RozhaOne-Regular.ttf,top,sanbhrant-agyey-saransh.jpg
sanskriti-ke-char-adhyay-ramadhari-sinh-dinakar-saransh,संस्कृति के चार अध्याय,रामधारी सिंह दिनकर,निबंध,moon_river,ivory_mint,TiroDevanagariHindi-Regular.ttf,bottom,sanskriti-ke-char-adhyay-ramadhari-sinh-dinakar-saransh.jpg
sati-munshi-premachand-saransh,सती,मुंशी प्रेमचंद,कहानी,moon_river,jade_museum,Martel-Bold.ttf,top,sati-munshi-premachand-saransh.jpg
satya-harishchandra-bharatendu-harishchandra-saransh,सत्य हरिश्चंद्र,भारतेंदु हरिश्चंद्र,नाटक,wheat_noon,coral_dawn,Hind-Bold.ttf,bottom,satya-harishchandra-bharatendu-harishchandra-saransh.jpg
satyartha-prakash-svami-dayanand-sarasvati-saransh,सत्यार्थ प्रकाश,स्वामी दयानंद सरस्वती,धर्म,diya_night,forest_fog,Martel-Bold.ttf,framed,satyartha-prakash-svami-dayanand-sarasvati-saransh.jpg
sapana-abhi-baki-hai-dharmavir-bharati-saransh,सपना अभी बाकी है,धर्मवीर भारती,उपन्यास,block_print,peacock_blue,TiroDevanagariHindi-Regular.ttf,bottom,sapana-abhi-baki-hai-dharmavir-bharati-saransh.jpg
samay-saragam-krishna-sobati-saransh,समय सरगम,कृष्णा सोबती,उपन्यास,ink_brush,indigo_gold,YatraOne-Regular.ttf,framed,samay-saragam-krishna-sobati-saransh.jpg
samar-yatra-shivamurti-saransh,समर यात्रा,शिवमूर्ति,उपन्यास,dawn_village,terracotta_dusk,RozhaOne-Regular.ttf,top,samar-yatra-shivamurti-saransh.jpg
samapti-ravindranath-thakur-saransh,समाप्ति,रवींद्रनाथ ठाकुर,कहानी,minimal_wave,peacock_blue,Hind-Bold.ttf,top,samapti-ravindranath-thakur-saransh.jpg
samiksha-sangrah-aacharya-ramachandra-shukla-saransh,समीक्षा-संग्रह,आचार्य रामचंद्र शुक्ल,आलोचना,mist_mountains,royal_plum,YatraOne-Regular.ttf,bottom,samiksha-sangrah-aacharya-ramachandra-shukla-saransh.jpg
sava-ser-gehun-munshi-premachand-saransh,सवा सेर गेहूँ,मुंशी प्रेमचंद,कहानी,moon_river,olive_khadi,YatraOne-Regular.ttf,top,sava-ser-gehun-munshi-premachand-saransh.jpg
sandhyagit-mahadevi-varma-saransh,साँध्यगीत,महादेवी वर्मा,कविता,block_print,basant_spring,Khand-Bold.ttf,bottom,sandhyagit-mahadevi-varma-saransh.jpg
sat-aasaman-asagar-vajahat-saransh,सात आसमान,असगर वजाहत,उपन्यास,deco_city,slate_rain,RozhaOne-Regular.ttf,bottom,sat-aasaman-asagar-vajahat-saransh.jpg
satavan-ghodaa-dharmavir-bharati-saransh,सातवॉं घोड़ा,धर्मवीर भारती,उपन्यास,mist_mountains,saffron_temple,Khand-Bold.ttf,top,satavan-ghodaa-dharmavir-bharati-saransh.jpg
sara-aakash-rajendra-yadav-saransh,सारा आकाश,राजेंद्र यादव,उपन्यास,diya_night,ice_pale,Martel-Bold.ttf,top,sara-aakash-rajendra-yadav-saransh.jpg
sahitya-sadhana-hajari-prasad-dvivedi-saransh,साहित्य-साधना,हजारी प्रसाद द्विवेदी,आलोचना,deco_city,mustard_village,Hind-Bold.ttf,framed,sahitya-sadhana-hajari-prasad-dvivedi-saransh.jpg
sinh-purush-pushpa-bharati-saransh,सिंह पुरुष,पुष्पा भारती,उपन्यास,minimal_wave,wine_cellar,Martel-Bold.ttf,topleft,sinh-purush-pushpa-bharati-saransh.jpg
sundar-kathaen-munshi-premachand-saransh,सुंदर कथाएं,मुंशी प्रेमचंद,कहानी संग्रह,diya_night,ocean_deep,YatraOne-Regular.ttf,bottom,sundar-kathaen-munshi-premachand-saransh.jpg
sunita-jainendra-kumar-saransh,सुनीता,जैनेंद्र कुमार,प्रेम कथा,deco_city,forest_fog,RozhaOne-Regular.ttf,framed,sunita-jainendra-kumar-saransh.jpg
surksha-evan-anya-kahaniyan-shrilal-shukla-saransh,सुरक्षा एवं अन्य कहानियाँ,श्रीलाल शुक्ल,कहानी संग्रह,dawn_village,black_gold_deco,YatraOne-Regular.ttf,topleft,surksha-evan-anya-kahaniyan-shrilal-shukla-saransh.jpg
sukha-aur-anya-kahaniyan-shrilal-shukla-saransh,सूखा और अन्य कहानियाँ,श्रीलाल शुक्ल,कहानी संग्रह,wheat_noon,jade_museum,YatraOne-Regular.ttf,framed,sukha-aur-anya-kahaniyan-shrilal-shukla-saransh.jpg
suraj-ka-satavan-ghodaa-dharmavir-bharati-saransh,सूरज का सातवाँ घोड़ा,धर्मवीर भारती,उपन्यास,diya_night,monsoon_teal,RozhaOne-Regular.ttf,top,suraj-ka-satavan-ghodaa-dharmavir-bharati-saransh.jpg
surajamukhi-andhere-ke-krishna-sobati-saransh,सूरजमुखी अंधेरे के,कृष्णा सोबती,उपन्यास,monsoon_tree,emerald_court,RozhaOne-Regular.ttf,bottom,surajamukhi-andhere-ke-krishna-sobati-saransh.jpg
suradas-ramavilas-sharma-saransh,सूरदास,रामविलास शर्मा,जीवनी,deco_city,monsoon_teal,Martel-Bold.ttf,band,suradas-ramavilas-sharma-saransh.jpg
surasagar-suradas-saransh,सूरसागर,सूरदास,भक्ति काव्य,moon_river,navy_gold,YatraOne-Regular.ttf,top,surasagar-suradas-saransh.jpg
sevasadan-munshi-premachand-saransh,सेवासदन,मुंशी प्रेमचंद,उपन्यास,mist_mountains,marigold,Martel-Bold.ttf,framed,sevasadan-munshi-premachand-saransh.jpg
somadev-aacharya-chaturasen-shastri-saransh,सोमदेव,आचार्य चतुरसेन शास्त्री,उपन्यास,jharokha_arch,black_gold_deco,Khand-Bold.ttf,top,somadev-aacharya-chaturasen-shastri-saransh.jpg
saugat-sumitranandan-pant-saransh,सौगात,सुमित्रानंदन पंत,कविता,jharokha_arch,monsoon_teal,Khand-Bold.ttf,topleft,saugat-sumitranandan-pant-saransh.jpg
skandagupta-jayashankar-prasad-saransh,स्कंदगुप्त,जयशंकर प्रसाद,नाटक,ink_brush,sandstone,RozhaOne-Regular.ttf,framed,skandagupta-jayashankar-prasad-saransh.jpg
smritichitra-mahadevi-varma-saransh,स्मृतिचित्र,महादेवी वर्मा,संस्मरण,monsoon_tree,terracotta_dusk,RozhaOne-Regular.ttf,top,smritichitra-mahadevi-varma-saransh.jpg
svarnakiran-sumitranandan-pant-saransh,स्वर्णकिरण,सुमित्रानंदन पंत,कविता,monsoon_tree,mustard_village,YatraOne-Regular.ttf,band,svarnakiran-sumitranandan-pant-saransh.jpg
svarnadhuli-sumitranandan-pant-saransh,स्वर्णधूलि,सुमित्रानंदन पंत,कविता,mist_mountains,wine_cellar,Khand-Bold.ttf,top,svarnadhuli-sumitranandan-pant-saransh.jpg
hadaatal-ke-bad-kashinath-sinh-saransh,हड़ताल के बाद,काशीनाथ सिंह,उपन्यास,mist_mountains,mustard_village,YatraOne-Regular.ttf,top,hadaatal-ke-bad-kashinath-sinh-saransh.jpg
harijan-gatha-nagarjun-saransh,हरिजन गाथा,नागार्जुन,कविता,warli_folk,sandstone,Hind-Bold.ttf,top,harijan-gatha-nagarjun-saransh.jpg
hanush-bhishma-sahani-saransh,हानूश,भीष्म साहनी,नाटक,mist_mountains,charcoal_ember,Hind-Bold.ttf,band,hanush-bhishma-sahani-saransh.jpg
hare-ko-harinam-ramadhari-sinh-dinakar-saransh,हारे को हरिनाम,रामधारी सिंह दिनकर,कविता,ember_pyre,monsoon_teal,YatraOne-Regular.ttf,top,hare-ko-harinam-ramadhari-sinh-dinakar-saransh.jpg
hind-svaraj-mahatma-gandhi-saransh,हिंद स्वराज,महात्मा गांधी,राजनीति,moon_river,charcoal_ember,RozhaOne-Regular.ttf,topleft,hind-svaraj-mahatma-gandhi-saransh.jpg
hindi-ki-kavya-paranpara-ramavilas-sharma-saransh,हिंदी की काव्य-परंपरा,रामविलास शर्मा,आलोचना,lotus_pond,sandstone,RozhaOne-Regular.ttf,top,hindi-ki-kavya-paranpara-ramavilas-sharma-saransh.jpg
hindi-sahitya-ka-itihas-aacharya-ramachandra-shukla-saransh,हिंदी साहित्य का इतिहास,आचार्य रामचंद्र शुक्ल,आलोचना,moon_river,marigold,Martel-Bold.ttf,bottom,hindi-sahitya-ka-itihas-aacharya-ramachandra-shukla-saransh.jpg
hunkar-ramadhari-sinh-dinakar-saransh,हुंकार,रामधारी सिंह दिनकर,कविता,wheat_noon,rose_madder,Hind-Bold.ttf,top,hunkar-ramadhari-sinh-dinakar-saransh.jpg
